finding_id,scope_this_turn,case_ids,recorded_repair_states,classification_this_turn
F01,carried from current tracker; not re-audited,U01;U02;U04;S01,"{""U01"": ""externally-blocked"", ""U02"": ""fixture-pass"", ""U04"": ""not-tested"", ""S01"": ""not-tested""}",unchanged prior checkpoint evidence
F02,carried from current tracker; not re-audited,U03,"{""U03"": ""fixture-pass""}",unchanged prior checkpoint evidence
F03,carried from current tracker; not re-audited,U06,"{""U06"": ""integration-fixture-pass""}",unchanged prior checkpoint evidence
F04,carried from current tracker; not re-audited,U05;U07;U08;S06,"{""U05"": ""integration-fixture-verified"", ""U07"": ""integration-fixture-pass"", ""U08"": ""integration-fixture-pass"", ""S06"": ""integration-fixture-pass""}",unchanged prior checkpoint evidence
F05,carried from current tracker; not re-audited,B10;B11,"{""B10"": ""integration-fixture-pass"", ""B11"": ""integration-fixture-pass""}",unchanged prior checkpoint evidence
F06,carried from current tracker; not re-audited,B01;B02;B03;B04;B07;B08;B09;B16,"{""B01"": ""integration-fixture-pass"", ""B02"": ""integration-fixture-pass"", ""B03"": ""integration-fixture-pass"", ""B04"": ""integration-fixture-pass"", ""B07"": ""integration-fixture-pass"", ""B08"": ""integration-fixture-variant-pass"", ""B09"": ""integration-fixture-variant-pass"", ""B16"": ""integration-fixture-pass""}",unchanged prior checkpoint evidence
F07,carried from current tracker; not re-audited,B12;B13;P04,"{""B12"": ""integration-fixture-pass"", ""B13"": ""integration-fixture-pass"", ""P04"": ""integration-fixture-pass""}",unchanged prior checkpoint evidence
F08,carried from current tracker; not re-audited,B05;B06;S03,"{""B05"": ""integration-fixture-pass"", ""B06"": ""integration-fixture-pass"", ""S03"": ""not-tested""}",unchanged prior checkpoint evidence
F09,carried from current tracker; not re-audited,A02;A07,"{""A02"": ""integration-fixture-pass"", ""A07"": ""integration-fixture-pass""}",unchanged prior checkpoint evidence
F10,carried from current tracker; not re-audited,P08;S04;S05;R02;R03;R04;R06;WF03,"{""P08"": ""not-tested"", ""S04"": ""not-tested"", ""S05"": ""not-tested"", ""R02"": ""not-tested"", ""R03"": ""not-tested"", ""R04"": ""not-tested"", ""R06"": ""not-tested"", ""WF03"": ""not-tested""}",unchanged prior checkpoint evidence
F11,carried from current tracker; not re-audited,B14;B15,"{""B14"": ""partial-fixture-pass"", ""B15"": ""integration-fixture-pass""}",unchanged prior checkpoint evidence
F12,carried from current tracker; not re-audited,A01;A03;A04;A05;A06;A08;P01;P02;P03;P05;P06;P07;S02,"{""A01"": ""not-tested"", ""A03"": ""not-tested-live; offline-tool-fixture-only"", ""A04"": ""not-tested-live; offline-tool-fixture-only"", ""A05"": ""not-tested-live; offline-tool-fixture-only"", ""A06"": ""not-tested-live; offline-tool-fixture-only"", ""A08"": ""not-tested-live; offline-tool-fixture-only"", ""P01"": ""not-tested"", ""P02"": ""not-tested"", ""P03"": ""not-tested"", ""P05"": ""not-tested"", ""P06"": ""not-tested"", ""P07"": ""not-tested"", ""S02"": ""not-tested""}",unchanged prior checkpoint evidence
F13,carried from current tracker; not re-audited,R01;R05,"{""R01"": ""not-tested"", ""R05"": ""not-tested""}",unchanged prior checkpoint evidence
F14,carried from current tracker; not re-audited,U09;U10;U11;U12;WF01;WF02;WF03,"{""U09"": ""five-task-keyboard-fixture-verified; human-UAT-open"", ""U10"": ""selected-keyboard-responsive-matrix-verified; human-rehearsal-open"", ""U11"": ""automated-semantics-keyboard-verified; real-screen-reader-blocked"", ""U12"": ""blocked-human-staff-UAT"", ""WF01"": ""integration-fixture-pass"", ""WF02"": ""integration-fixture-pass"", ""WF03"": ""not-tested""}",unchanged prior checkpoint evidence
F15,carried from current tracker; not re-audited,U13,"{""U13"": ""fixture-pass""}",unchanged prior checkpoint evidence
F16,carried from current tracker; not re-audited,D01;D03,"{""D01"": ""fixed-with-local-fixture-integration-evidence"", ""D03"": ""fixed-with-local-fixture-integration-evidence""}",unchanged prior checkpoint evidence
F17,carried from current tracker; not re-audited,U15,"{""U15"": ""integration-fixture-pass""}",unchanged prior checkpoint evidence
F18,carried from current tracker; not re-audited,P09;P10,"{""P09"": ""failed-local-directory-budget"", ""P10"": ""failed-local-directory-budget""}",unchanged prior checkpoint evidence
F19,carried from current tracker; not re-audited,D02,"{""D02"": ""integration-fixture-pass""}",unchanged prior checkpoint evidence
F20,N00 local fixture only,U14;NA01;NA02;NA03;NA04;NA05;NA06;NA07;NA08;NA09;NA10;NA11;NA12;NA13;NA14;NA15;NA16;NA17;NA18;NA19;NA20;NA21;NA22;NA23;NA24;NA25;NA26;NA27;NA28;NA29;NA30,"{""U14"": ""not-tested"", ""NA01"": ""local-built-fixture-partial; synthetic callback open; real Neon not tested"", ""NA02"": ""not-tested"", ""NA03"": ""not-tested"", ""NA04"": ""not-tested"", ""NA05"": ""not-tested"", ""NA06"": ""not-tested"", ""NA07"": ""not-tested"", ""NA08"": ""not-tested"", ""NA09"": ""not-tested"", ""NA10"": ""not-tested"", ""NA11"": ""not-tested"", ""NA12"": ""not-tested"", ""NA13"": ""not-tested"", ""NA14"": ""not-tested"", ""NA15"": ""not-tested"", ""NA16"": ""not-tested"", ""NA17"": ""not-tested"", ""NA18"": ""not-tested"", ""NA19"": ""not-tested"", ""NA20"": ""not-tested"", ""NA21"": ""not-tested"", ""NA22"": ""not-tested"", ""NA23"": ""not-tested"", ""NA24"": ""not-tested"", ""NA25"": ""not-tested"", ""NA26"": ""not-tested"", ""NA27"": ""not-tested"", ""NA28"": ""not-tested"", ""NA29"": ""not-tested"", ""NA30"": ""not-tested""}",still open; fixture partial / real provider unverified
