operation_id,method,path,primary_task,baseline_status,current_code,integration,contract_test,ui_test,deployed
getLiveness,GET,/health/live,T12,handler present; integration not implied,handler_present,public_http_contract_pass,health_response_schema_pass,not_applicable,unverified
getReadiness,GET,/v1/workspaces/{workspace_id}/readiness,T12,handler present; integration not implied,handler_present,owned_pg_celery_selected_enabled_and_paused_CF_current_epoch_real_probe_absent_stale_pass,readiness_response_schema_pass,disposable_pg_browser_fake_oidc_t12_admin_viewer_zhHK_mobile_pass,unverified
listWorkspaces,GET,/v1/workspaces,T05,handler present; integration not implied,handler_present,disposable_pg_fake_principal_browser_pass,not_proven_per_operation,disposable_pg_browser_fake_oidc_pass,unverified
getCapabilities,GET,/v1/workspaces/{workspace_id}/capabilities,T12,handler present; integration not implied,handler_present,disposable_pg_member_scope_and_unverified_config_pass,capability_page_schema_pass,disposable_pg_browser_fake_oidc_t12_admin_viewer_zhHK_mobile_pass,unverified
getPreferences,GET,/v1/workspaces/{workspace_id}/preferences,T12,501 registry,handler_present,disposable_pg_actor_workspace_scope_pass,preferences_response_schema_pass,disposable_pg_browser_fake_oidc_t12_admin_viewer_zhHK_mobile_pass,unverified
updatePreferences,PATCH,/v1/workspaces/{workspace_id}/preferences,T12,501 registry,handler_present,disposable_pg_versioned_zhHK_reload_pass,preferences_response_schema_pass,disposable_pg_browser_fake_oidc_t12_admin_viewer_zhHK_mobile_pass,unverified
listProjects,GET,/v1/workspaces/{workspace_id}/projects,T03,handler present; integration not implied,handler_present,disposable_pg_fake_principal_browser_pass,project_page_schema_pass,disposable_pg_browser_fake_oidc_pass,unverified
createProject,POST,/v1/workspaces/{workspace_id}/projects,T01,handler present; integration not implied,handler_present,disposable_pg_fake_principal_browser_pass,project_serializer_required_fields_pass,disposable_pg_browser_fake_oidc_pass;t30_full_ui_created_same_project_en_zhHK_desktop_mobile_zero_skips,unverified
getProject,GET,/v1/workspaces/{workspace_id}/projects/{project_id},T03,handler present; integration not implied,handler_present,disposable_pg_fake_principal_browser_pass,project_response_schema_pass,disposable_pg_browser_fake_oidc_pass,unverified
updateProject,PATCH,/v1/workspaces/{workspace_id}/projects/{project_id},T01,handler present; integration not implied,handler_present,disposable_pg_fake_principal_browser_pass,project_serializer_required_fields_pass,disposable_pg_browser_fake_oidc_pass;t30_full_ui_created_same_project_en_zhHK_desktop_mobile_zero_skips,unverified
archiveProject,DELETE,/v1/workspaces/{workspace_id}/projects/{project_id},T01,handler present; integration not implied,handler_present,disposable_pg_fake_principal_browser_pass,project_serializer_required_fields_pass,disposable_pg_browser_fake_oidc_pass,unverified
uploadOfferDocument,POST,/v1/workspaces/{workspace_id}/projects/{project_id}/offer-documents,T16,501 registry,handler_present,disposable_pg_private_store_quarantine_parse_idempotency_pass,multipart_request_response_schema_pass,disposable_pg_browser_fake_oidc_t16_upload_reload_en_zhHK_mobile_pass,unverified
ingestOfferUrl,POST,/v1/workspaces/{workspace_id}/projects/{project_id}/offer-ingestions,T16,501 registry,handler_present,disposable_pg_policy_gate_fake_pinned_transport_source_provenance_pass,strict_request_response_schema_pass,not_proven_per_operation,unverified
getOfferDocument,GET,/v1/workspaces/{workspace_id}/offer-documents/{document_id},T16,501 registry,handler_present,disposable_pg_tenant_role_scope_pass,document_response_schema_pass,not_proven_per_operation,unverified
listOfferDocuments,GET,/v1/workspaces/{workspace_id}/projects/{project_id}/offer-documents,T16,T16 contract extension,handler_present,disposable_pg_real_pagination_tenant_scope_pass,document_page_schema_pass,disposable_pg_browser_fake_oidc_t16_reload_en_zhHK_mobile_pass,unverified
deleteOfferDocument,DELETE,/v1/workspaces/{workspace_id}/offer-documents/{document_id},T16,501 registry,handler_present,disposable_pg_if_match_idempotency_source_and_profile_invalidation_pass,document_response_schema_pass,not_proven_per_operation,unverified
listICPVersions,GET,/v1/workspaces/{workspace_id}/projects/{project_id}/icp-versions,T03,handler present; integration not implied,handler_present,disposable_pg_fake_principal_browser_pass,icp_page_schema_pass,disposable_pg_browser_fake_oidc_pass,unverified
saveICPVersion,POST,/v1/workspaces/{workspace_id}/projects/{project_id}/icp-versions,T02,handler present; integration not implied,handler_present,disposable_pg_fake_principal_browser_pass,strict_schema_jsonschema_pass,disposable_pg_browser_fake_oidc_pass,unverified
approveICPVersion,POST,/v1/workspaces/{workspace_id}/icp-versions/{icp_version_id}/approve,T03,handler present; integration not implied,handler_present,disposable_pg_fake_principal_browser_pass,icp_response_schema_pass,disposable_pg_browser_fake_oidc_pass,unverified
listRuns,GET,/v1/workspaces/{workspace_id}/projects/{project_id}/runs,T20,501 registry,handler_present,t20_disposable_pg_bounded_run_page_pass,run_page_contract_pass,t20_browser_fake_oidc_pagination_pass,unverified
startRun,POST,/v1/workspaces/{workspace_id}/projects/{project_id}/runs,T18,501 registry,handler_present,t18_disposable_pg_admission_idempotency_bounds_pass,run_create_contract_pass,t20_browser_fake_oidc_run_admission_pass;t30_full_ui_created_same_project_en_zhHK_desktop_mobile_zero_skips,unverified
getRun,GET,/v1/workspaces/{workspace_id}/runs/{run_id},T20,501 registry,handler_present,t20_disposable_pg_actor_scope_snapshot_pass,run_snapshot_contract_pass,t20_browser_fake_oidc_refresh_pass,unverified
cancelRun,POST,/v1/workspaces/{workspace_id}/runs/{run_id}/cancel,T20,501 registry,handler_present,t20_disposable_pg_safe_cancel_hold_pass,run_cancel_contract_pass,t20_browser_fake_oidc_cancel_pass,unverified
retryRun,POST,/v1/workspaces/{workspace_id}/runs/{run_id}/retry,T20,501 registry,handler_present,t20_disposable_pg_fit_checkpoint_retry_pass,run_retry_contract_pass,t20_browser_fake_oidc_retry_eligibility_pass,unverified
getRunEvents,GET,/v1/workspaces/{workspace_id}/runs/{run_id}/events,T20,501 registry,handler_present,t20_disposable_pg_ordered_replay_pass,run_events_sse_json_contract_pass,t20_browser_fake_oidc_sse_polling_pass,unverified
createBuyerSnapshot,POST,/v1/workspaces/{workspace_id}/projects/{project_id}/buyer-snapshots,T08,501 registry,handler_present,disposable_pg_fake_principal_browser_pass,response_schema_disposable_pg_pass,disposable_pg_browser_fake_oidc_pass,unverified
listBuyers,GET,/v1/workspaces/{workspace_id}/projects/{project_id}/buyers,T08,handler present; integration not implied,handler_present,disposable_pg_fake_principal_browser_pass,response_schema_disposable_pg_pass,disposable_pg_browser_fake_oidc_pass,unverified
getBuyer,GET,/v1/workspaces/{workspace_id}/buyers/{buyer_id},T08,handler present; integration not implied,handler_present,disposable_pg_current_role_retention_purpose_suppression_contact_detail_pass,strict_Buyer_response_schema_raw_fit_hash_and_contact_shape_pass,disposable_pg_bilingual_continuity_recipient_selection_pass;t30_full_ui_created_same_project_en_zhHK_desktop_mobile_zero_skips,unverified
updateBuyer,PATCH,/v1/workspaces/{workspace_id}/buyers/{buyer_id},T09,501 registry,handler_present,disposable_pg_fake_principal_browser_pass,buyer_response_schema_pass,note_owner_disposable_pg_browser_fake_oidc_pass,unverified
listBuyerEvidence,GET,/v1/workspaces/{workspace_id}/buyers/{buyer_id}/evidence,T08,501 registry,handler_present,disposable_pg_fake_principal_browser_pass,response_schema_disposable_pg_pass,disposable_pg_browser_fake_oidc_pass,unverified
getEvidence,GET,/v1/workspaces/{workspace_id}/evidence/{evidence_id},T08,501 registry,handler_present,disposable_pg_fake_principal_pass,response_schema_disposable_pg_pass,not_proven,unverified
reviewBuyers,POST,/v1/workspaces/{workspace_id}/projects/{project_id}/buyer-reviews,T09,501 registry,handler_present,disposable_pg_fake_principal_browser_pass,bulk_result_and_202_async_contract_declared,individual_review_disposable_pg_browser_fake_oidc_pass,unverified
listBuyerLists,GET,/v1/workspaces/{workspace_id}/projects/{project_id}/lists,T09,501 registry,handler_present,disposable_pg_fake_principal_browser_pass,list_page_schema_pass,list_picker_disposable_pg_browser_fake_oidc_pass,unverified
createBuyerList,POST,/v1/workspaces/{workspace_id}/projects/{project_id}/lists,T09,501 registry,handler_present,disposable_pg_fake_principal_browser_pass,list_response_schema_pass,list_create_disposable_pg_browser_fake_oidc_pass,unverified
getBuyerList,GET,/v1/workspaces/{workspace_id}/lists/{list_id},T09,501 registry,handler_present,disposable_pg_fake_principal_pass,list_response_schema_pass,not_proven,unverified
renameBuyerList,PATCH,/v1/workspaces/{workspace_id}/lists/{list_id},T09,501 registry,handler_present,disposable_pg_fake_principal_browser_pass,list_response_schema_pass,list_rename_disposable_pg_browser_fake_oidc_pass,unverified
changeListMemberships,POST,/v1/workspaces/{workspace_id}/lists/{list_id}/memberships,T09,501 registry,handler_present,disposable_pg_fake_principal_browser_pass,bulk_result_and_202_async_contract_declared,list_membership_disposable_pg_browser_fake_oidc_pass,unverified
listFilterPresets,GET,/v1/workspaces/{workspace_id}/projects/{project_id}/filter-presets,T09,501 registry,handler_present,disposable_pg_fake_principal_browser_pass,preset_page_schema_pass,preset_picker_disposable_pg_browser_fake_oidc_pass,unverified
saveFilterPreset,POST,/v1/workspaces/{workspace_id}/projects/{project_id}/filter-presets,T09,501 registry,handler_present,disposable_pg_fake_principal_browser_pass,preset_response_schema_pass,preset_save_disposable_pg_browser_fake_oidc_pass,unverified
quoteLookup,POST,/v1/workspaces/{workspace_id}/projects/{project_id}/enrichment-quotes,T21,501 registry,handler_present,disposable_pg_quote_eligibility_actor_expiry_idempotency_no_hold_pass,openapi_route_schema_role_pass,disposable_pg_fake_oidc_t21_en_zhHK_mobile_viewer_pass,unverified
getLookupQuote,GET,/v1/workspaces/{workspace_id}/enrichment-quotes/{quote_id},T21,501 registry,handler_present,disposable_pg_quote_eligibility_actor_expiry_idempotency_no_hold_pass,openapi_route_schema_role_pass,disposable_pg_fake_oidc_t21_en_zhHK_mobile_viewer_pass,unverified
cancelLookupQuote,POST,/v1/workspaces/{workspace_id}/enrichment-quotes/{quote_id}/cancel,T21,501 registry,handler_present,disposable_pg_quote_eligibility_actor_expiry_idempotency_no_hold_pass,openapi_route_schema_role_pass,disposable_pg_fake_oidc_t21_en_zhHK_mobile_viewer_pass,unverified
confirmLookup,POST,/v1/workspaces/{workspace_id}/enrichment-quotes/{quote_id}/confirm,T22,501 registry,handler_present,disposable_pg_atomic_quote_job_hold_outbox_races_pass,openapi_job_response_route_role_pass,disposable_pg_fake_oidc_t22_en_zhHK_mobile_viewer_pass,unverified
getEnrichmentJob,GET,/v1/workspaces/{workspace_id}/enrichment-jobs/{job_id},T23,501 registry,handler_present,disposable_pg_actor_hold_outcome_pass,job_response_schema_pass,disposable_pg_browser_fake_oidc_t23_reload_en_zhHK_mobile_pass,unverified
cancelEnrichmentJob,POST,/v1/workspaces/{workspace_id}/enrichment-jobs/{job_id}/cancel,T23,501 registry,handler_present,disposable_pg_pre_post_submit_hold_semantics_pass,cancel_response_schema_pass,disposable_pg_browser_fake_oidc_t23_cancel_pass,unverified
reconcileEnrichmentJob,POST,/v1/workspaces/{workspace_id}/enrichment-jobs/{job_id}/reconcile,T23,501 registry,handler_present,disposable_pg_admin_status_only_queue_worker_pass,reconcile_request_response_schema_pass,not_proven,unverified
receiveProviderCallback,POST,/v1/provider-callbacks/{provider},T23,501 registry,handler_present,disposable_pg_signed_fixture_replay_order_conflict_pass,raw_callback_auth_fixture_pass,not_applicable,unverified
listPolicyDecisions,GET,/v1/workspaces/{workspace_id}/policy-decisions,T10,501 registry,handler_present,disposable_pg_fake_principal_http_pass,PolicyDecisionPageResponse_schema_pass,disposable_pg_browser_fake_oidc_pass,unverified
recordPolicyDecision,POST,/v1/workspaces/{workspace_id}/policy-decisions,T10,501 registry,handler_present,disposable_pg_fake_principal_http_pass,PolicyDecisionResponse_schema_pass,disposable_pg_browser_fake_oidc_pass,unverified
listSuppressions,GET,/v1/workspaces/{workspace_id}/suppressions,T10,501 registry,handler_present,disposable_pg_fake_principal_http_pass,SuppressionPageResponse_schema_pass,disposable_pg_browser_fake_oidc_pass,unverified
createSuppression,POST,/v1/workspaces/{workspace_id}/suppressions,T10,501 registry,handler_present,disposable_pg_fake_principal_http_pass,SuppressionResponse_schema_pass,disposable_pg_browser_fake_oidc_pass,unverified
removeSuppression,POST,/v1/workspaces/{workspace_id}/suppressions/{suppression_id}/remove,T10,501 registry,handler_present,disposable_pg_fake_principal_http_pass,SuppressionResponse_schema_pass,disposable_pg_browser_fake_oidc_pass,unverified
listBudgets,GET,/v1/workspaces/{workspace_id}/budgets,T13,501 registry,handler_present,disposable_pg_zero_accounts_roles_pagination_pass,budget_page_schema_pass,disposable_pg_browser_fake_oidc_t13_admin_reload_zhHK_mobile_viewer_pass,unverified
updateBudget,PATCH,/v1/workspaces/{workspace_id}/budgets/{budget_id},T13,501 registry,handler_present,disposable_pg_version_reason_audit_limit_guard_pass,budget_response_schema_pass,disposable_pg_browser_fake_oidc_t13_admin_reload_zhHK_mobile_viewer_pass,unverified
getUsage,GET,/v1/workspaces/{workspace_id}/projects/{project_id}/usage,T27,501 registry,handler_present,disposable_pg_ledger_period_contact_policy_refund_pass,usage_response_schema_pass,browser_t27_fake_oidc_en_zhHK_outage_recovery_pass,unverified
listDrafts,GET,/v1/workspaces/{workspace_id}/projects/{project_id}/drafts,T24,501 registry,handler_present,disposable_pg_bounded_pagination_pass,draft_page_schema_pass,disposable_pg_browser_fake_oidc_t24_list_zhHK_mobile_pass,unverified
generateDraft,POST,/v1/workspaces/{workspace_id}/projects/{project_id}/drafts,T24,501 registry,handler_present,disposable_pg_zero_cost_bound_recipient_policy_member_worker_races_pass,strict_request_async_job_response_schema_pass,disposable_pg_bilingual_same_project_created_offer_generated_addressed_approval_export_pass;t30_full_ui_created_same_project_en_zhHK_desktop_mobile_zero_skips,unverified
getAsyncJob,GET,/v1/workspaces/{workspace_id}/jobs/{job_id},T11,501 registry,handler_present,disposable_pg_actor_bound_bounded_page_pass,progress_result_page_schema_pass,browser_t11_progress_reload_pass,unverified
getDraft,GET,/v1/workspaces/{workspace_id}/drafts/{draft_id},T24,501 registry,handler_present,disposable_pg_immutable_revision_read_pass,draft_response_schema_pass,disposable_pg_browser_fake_oidc_t24_reload_pass,unverified
editDraft,PATCH,/v1/workspaces/{workspace_id}/drafts/{draft_id},T24,501 registry,handler_present,disposable_pg_if_match_immutable_revision_pass,draft_update_response_schema_pass,disposable_pg_browser_fake_oidc_t24_save_viewer_denial_pass,unverified
requestDraftReview,POST,/v1/workspaces/{workspace_id}/drafts/{draft_id}/review,T25,501 registry,handler_present,disposable_pg_exact_context_review_pass,strict_request_review_response_schema_pass,disposable_pg_browser_fake_oidc_t25_review_pass,unverified
approveDraft,POST,/v1/workspaces/{workspace_id}/drafts/{draft_id}/approvals,T25,501 registry,handler_present,disposable_pg_exact_context_races_and_synchronous_recipient_expiry_pass,strict_request_approval_response_schema_pass,disposable_pg_bilingual_generated_addressed_exact_approval_export_refresh_pass;t30_full_ui_created_same_project_en_zhHK_desktop_mobile_zero_skips,unverified
exportBuyers,POST,/v1/workspaces/{workspace_id}/projects/{project_id}/exports,T26,501 registry,handler_present,disposable_pg_policy_partial_exclusion_actor_scope_pass,strict_export_request_response_schema_pass,disposable_pg_browser_fake_oidc_t26_csv_zhHK_mobile_pass,unverified
exportDraft,POST,/v1/workspaces/{workspace_id}/drafts/{draft_id}/exports,T26,501 registry,handler_present,disposable_pg_exact_approval_context_copy_pass,strict_draft_export_response_schema_pass,disposable_pg_browser_fake_oidc_t26_clipboard_text_pass;t30_full_ui_created_same_project_en_zhHK_desktop_mobile_zero_skips,unverified
getExport,GET,/v1/workspaces/{workspace_id}/exports/{export_id},T26,501 registry,handler_present,disposable_pg_actor_status_expiry_revocation_pass,strict_export_job_response_schema_pass,disposable_pg_browser_fake_oidc_t26_refresh_pass,unverified
downloadExport,GET,/v1/workspaces/{workspace_id}/exports/{export_id}/content,T26,501 registry,handler_present,disposable_pg_current_policy_membership_context_formula_defense_pass,authenticated_content_and_error_contract_pass,disposable_pg_browser_fake_oidc_t26_csv_text_copy_viewer_denial_pass,unverified
listOutcomes,GET,/v1/workspaces/{workspace_id}/projects/{project_id}/outcomes,T27,501 registry,handler_present,disposable_pg_actor_project_page_pass,outcome_page_schema_pass,browser_t27_history_refresh_pass,unverified
recordOutcome,POST,/v1/workspaces/{workspace_id}/projects/{project_id}/outcomes,T27,501 registry,handler_present,disposable_pg_manual_actor_idempotency_viewer_denial_pass,outcome_response_schema_pass,browser_t27_manual_record_pass;t30_full_ui_created_same_project_en_zhHK_desktop_mobile_zero_skips,unverified
correctOutcome,POST,/v1/workspaces/{workspace_id}/outcomes/{outcome_id}/corrections,T27,501 registry,handler_present,disposable_pg_append_ifmatch_reason_fork_guard_pass,outcome_response_schema_pass,browser_t27_correction_reload_pass,unverified
listAuditEvents,GET,/v1/workspaces/{workspace_id}/audit-events,T12,501 registry,handler_present,disposable_pg_admin_redaction_tenant_scope_pass,audit_page_schema_pass,disposable_pg_browser_fake_oidc_t12_admin_viewer_zhHK_mobile_pass,unverified
disabledDeliveryBoundary,POST,/v1/workspaces/{workspace_id}/drafts/{draft_id}/deliver,T25,501 registry,handler_present,disposable_pg_approved_403_zero_outbox_pass,delivery_disabled_error_contract_pass,disposable_pg_browser_fake_oidc_t25_403_pass,unverified
assignBuyerOwners,POST,/v1/workspaces/{workspace_id}/projects/{project_id}/buyer-owner-assignments,T11,proposed extension,handler_present,disposable_pg_sync_async_resume_retry_pass,owner_request_and_async_job_schema_pass,browser_t11_101_row_queue_progress_pass,unverified
listMemberships,GET,/v1/workspaces/{workspace_id}/memberships,Q02,T12 extension; not in original 70,handler_present_q_search_display_name_paged,owned_pg_250_members_filtered_count_literal_search_roles_tenant_pass,membership_display_name_page_schema_pass,owned_pg_fake_oidc_250_13_pages_full_id_en_zh_mobile_scope_race_pass,unverified
updateMembership,PATCH,/v1/workspaces/{workspace_id}/memberships/{membership_id},Q02,T12 extension; not in original 70,handler_present,owned_pg_concurrent_last_admin_current_post_lock_authority_version_replay_pass,membership_response_schema_pass,owned_pg_fake_oidc_full_id_reason_if_match_role_update_pass,unverified
retryFailedAsyncJob,POST,/v1/workspaces/{workspace_id}/jobs/{job_id}/retry-failed,T11,plan extension T11; not in original 70,handler_present,disposable_pg_current_version_failed_only_pass,200_202_contract_declared,browser_t11_failed_only_retry_pass,unverified
cancelAsyncJob,POST,/v1/workspaces/{workspace_id}/jobs/{job_id}/cancel,T11,plan extension T11; not in original 70,handler_present,disposable_pg_preserves_committed_and_cancels_pending_pass,202_contract_declared,browser_t11_cancel_pending_pass,unverified
listAsyncJobs,GET,/v1/workspaces/{workspace_id}/jobs,T12,T12 extension; not in original 70,handler_present,disposable_pg_actor_scope_status_page_pass,async_job_page_schema_pass,disposable_pg_browser_fake_oidc_t12_admin_viewer_zhHK_mobile_pass,unverified
exportBulkFailures,POST,/v1/workspaces/{workspace_id}/jobs/{job_id}/exports,T26,T26 extension; not in original 70,handler_present,disposable_pg_terminal_actor_replay_source_change_revocation_pass,strict_report_export_response_schema_pass,disposable_pg_browser_fake_oidc_t11_report_download_pass,unverified
listEligibleAssignees,GET,/v1/workspaces/{workspace_id}/eligible-assignees,Q02,Q02 extension; not in original 70,handler_present_restricted_projection_shared_owner_predicate,owned_pg_operator_admin_only_active_tenant_revocation_submission_pass,eligible_assignee_page_strict_schema_pass,owned_pg_browser_negative_viewer_read_pass,not-deployed
