task_id,pr_batch,finding_ids,priority,title,dependencies,owner_role,case_ids,code_status,verification_status,release_status,files_modify,files_create,verification_commands,acceptance,rollback,blocker,commit_sha,evidence_path
Q01,PR-01,F01;F02;F15,P1,修復auth狀態、空存取與語言,,Frontend＋Admin,U01;U02;U03;U13,not-started,not-run,not-released,features/providers/workspace-session.tsx;app/auth/callback/page.tsx;features/live/workspace-picker.tsx;features/live/locale.ts;locales/index.ts,playwright.audit-fixes.config.ts;tests/e2e/audit-auth-entry.spec.ts,node tests/live-auth-checks.mjs；pnpm exec playwright test --config playwright.audit-fixes.config.ts tests/e2e/audit-auth-entry.spec.ts,無membership能切繁中及重新核對；配置正確無false alert；精確issuer/sub由admin核對，無email自動升權,revert UI commit；保持既有後端 fail-closed，不撤銷或新建 membership。,本地及隔離 fixture 可開始；正式環境另按 release gate。,,
Q03,PR-02,F05,P1,Operations契約與結果分頁,Q01,Frontend,B10;B11,not-started,not-run,not-released,features/live/operations.tsx;services/live/operations.ts;services/generated/buyeros-api.ts,tests/e2e/audit-operations.spec.ts,node scripts/generate-api-types.mjs --check；pnpm exec playwright test --config playwright.audit-fixes.config.ts tests/e2e/audit-operations.spec.ts,21及101結果均可讀完整ID；真實payload render無undefined key；cross-workspace job拒絕,revert consumer；server contract 不改。,本地及隔離 fixture 可開始；正式環境另按 release gate。,,
Q04,PR-03,F08,P1,研究建立保留操作意圖,Q01,Frontend＋Backend,B05;B06,not-started,not-run,not-released,features/live/run-progress.tsx;services/live/action-intent.ts;services/live/runs.ts;services/api/buyeros_api/services/run_admission.py,tests/e2e/audit-research-intent.spec.ts,node tests/live-adapter-checks.mjs；API-TEST tests/test_run_admission_db.py；pnpm exec playwright test --config playwright.audit-fixes.config.ts tests/e2e/audit-research-intent.spec.ts,commit後丟202再按Retry：只一run／outbox／economic intent；body或scope改變才新key；doubleclick共享pending,停用新研究建立入口或 revert consumer；保留已提交 run／outbox／hold，不重播未知操作。,本地及隔離 fixture 可開始；正式環境另按 release gate。,,
Q15,PR-04,F19,P1,草稿dirty guard與明確保存選擇,Q01,Frontend,D02,not-started,not-run,not-released,features/live/drafts.tsx;services/live/drafts.ts,features/live/draft-dirty-guard.tsx;tests/e2e/audit-draft-dirty.spec.ts,pnpm exec playwright test --config playwright.audit-fixes.config.ts tests/e2e/audit-draft-dirty.spec.ts,Cancel不改local subject/body/language；Save成功再換；Discard明確；412保留local供比較,回退 UI 前保留可複製的未保存內容；不清除 revision／approval。,本地及隔離 fixture 可開始；正式環境另按 release gate。,,
N00,PR-05,F20,P1,Neon框架相容及精確契約spike,,Identity＋Frontend,NA01,not-started,not-run,not-released,package.json;pnpm-lock.yaml;scripts/run-framework.mjs;scripts/run-vercel.mjs,docs/buyeros/decisions/2026-10-03-neon-auth-contract.md;tests/e2e/audit-neon-compat.spec.ts;playwright.neon-auth.config.ts,pnpm build（clean portable checkout）；node scripts/run-vercel.mjs build；pnpm exec playwright test --config playwright.neon-auth.config.ts tests/e2e/audit-neon-compat.spec.ts,登入→session→token→FastAPI→logout在兩種build實測；明列issuer/audience/JWKS與cookie；失敗不能只改env,刪除 spike／revert 試驗依賴；現有 Auth0 未切換。,本地 build 可先做；真登入 roundtrip 需要隔離 Neon Auth 及核准測試帳戶。,,
N01,PR-06,F20,P1,隔離Auth設定與production差異,N00,Platform,NA02;NA03,not-started,not-run,not-released,services/api/buyeros_api/settings.py;app/layout.tsx,docs/buyeros/runbooks/neon-auth-environments.md;services/live/auth-config.ts;tests/neon-config-checks.mjs,node tests/neon-config-checks.mjs；node scripts/run-vercel.mjs build,preview與production分離；secret不在client/log；只設定已選登入方法；用戶資料不跨branch洩漏,回復前版 config；保留 identity mapping 與稽核紀錄。,本地及隔離 fixture 可開始；正式環境另按 release gate。,,
N02,PR-07,F01;F20,P1,身份映射保持User與membership,N00,Backend／Identity,NA07;NA08;NA09;NA10;U04,not-started,not-run,not-released,services/api/buyeros_api/db/models.py;services/api/buyeros_api/api/deps.py;services/api/buyeros_api/api/routes/workspaces.py,services/api/buyeros_api/services/identity_service.py;services/api/tests/test_identity_mapping_db.py,API-TEST tests/test_identity_mapping_db.py tests/test_auth_routes_db.py,同一已核實使用者保留users.id；roles、ownership、approvals、audit actor均不重建；同email不自動link；唯一鍵與對帳可追查,停止新 issuer 接入，保留 additive schema 與已核實 mapping；不還原整個業務 DB。,本地及隔離 fixture 可開始；正式環境另按 release gate。,,
N03,PR-08,F20,P1,Neon JWT驗證及有限雙issuer,N01;N02,Backend／Security,NA11;NA12;NA13;NA14;NA15;NA16;S01,not-started,not-run,not-released,services/api/buyeros_api/api/auth.py;services/api/buyeros_api/api/jwks.py;services/api/buyeros_api/settings.py,services/api/tests/test_neon_jwt.py,API-TEST tests/test_neon_jwt.py tests/test_jwks_cache.py tests/test_auth_cache_lifecycle.py tests/test_api_auth.py,錯alg／iss／aud／kid／過期拒絕；rotation與cache outage測試；不使用Neon role決定workspace權限,在已核准窗口回復 Auth0 trust；停用 Neon acceptance；不刪已 link 帳戶。,本地及隔離 fixture 可開始；正式環境另按 release gate。,,
N04,PR-09,F02;F15;F20,P1,Neon UI及session恢復,N01;N03;Q01;Q04,Frontend,NA04;NA05;NA17;NA18;NA19;NA20;NA23;U14,not-started,not-run,not-released,services/live/auth.ts;services/live/session.ts;services/live/client.ts;services/live/operations.ts;features/providers/workspace-session.tsx;app/auth/callback/page.tsx;features/live/workspace-picker.tsx;app/layout.tsx,services/live/neon-auth.ts;lib/auth/server.ts;app/api/auth/[...path]/route.ts;tests/e2e/audit-neon-session.spec.ts,node tests/live-auth-checks.mjs；node tests/live-adapter-checks.mjs；pnpm exec playwright test --config playwright.neon-auth.config.ts tests/e2e/audit-neon-session.spec.ts,刷新／新分頁／deep link／15分鐘JWT換取／logout撤回／disabled member皆有清楚結果；無token localStorage,回復舊登入 UI／adapter，保留業務資料；Neon-only 新戶依 N07 恢復策略處理。,本地及隔離 fixture 可開始；正式環境另按 release gate。,,
N05,PR-10,F20,P1,身份及八模組回歸,N02;N03;N04,QA＋Security,NA21;NA22;NA24;NA25;NA26;S02;S05;S06;U05,not-started,not-run,not-released,tests/e2e/fixtures/workbench-auth.ts;tests/vercel-services.test.mjs;tests/worker-gateway.test.mjs,services/api/tests/test_neon_authorization_db.py;tests/e2e/audit-neon-security.spec.ts,API-TEST tests/test_neon_authorization_db.py tests/test_auth_tenant.py tests/test_safe_fetch.py；node --experimental-strip-types tests/vercel-services.test.mjs；node --experimental-strip-types tests/worker-gateway.test.mjs；pnpm exec playwright test --config playwright.neon-auth.config.ts tests/e2e/audit-neon-security.spec.ts,必要owned DB／UI cases零skip；所有角色與8模組完整journey；worker HMAC未受影響,阻止 cutover；保留既有 provider，不降低驗收斷言。,本地及隔離 fixture 可開始；正式環境另按 release gate。,,
Q02,PR-11,F03;F04,P1,成員分頁與可辨識身份,Q01,Frontend＋Backend,S06;U06;U07;U08,not-started,not-run,not-released,features/live/settings.tsx;services/api/buyeros_api/api/routes/memberships.py;services/api/buyeros_api/api/schemas.py;docs/buyeros/contracts/openapi.proposed.yaml,tests/e2e/audit-memberships.spec.ts;services/api/tests/test_membership_directory_db.py;docs/buyeros/runbooks/member-onboarding.md,API-TEST tests/test_membership_directory_db.py；pnpm exec playwright test --config playwright.audit-fixes.config.ts tests/e2e/audit-memberships.spec.ts；CONTRACT,250成員全部可達；搜尋第101位；同名／尾碼碰撞可辨；last-admin競態與逐人原因通過,revert UI／新增 projection；已審計的角色變更不自動撤銷。,本地及隔離 fixture 可開始；正式環境另按 release gate。,,
Q05,PR-12,F06,P1,分派同事與精確批量確認,Q02,Frontend＋Backend,B02;B03;B04;B07;B16,not-started,not-run,not-released,features/live/bulk-actions.tsx;features/live/buyer-results.tsx;services/api/buyeros_api/services/buyer_management.py,services/live/bulk-confirmation.ts;tests/e2e/audit-bulk-confirmation.spec.ts,API-TEST tests/test_bulk_jobs_db.py；pnpm exec playwright test --config playwright.audit-fixes.config.ts tests/e2e/audit-bulk-confirmation.spec.ts,選5後加1清confirm；可指定同事／自己／無owner；preview後owner失效由server拒絕；逐列版本正確,關閉新版分派入口；保留已成功結果，不自動反向分派。,本地及隔離 fixture 可開始；正式環境另按 release gate。,,
Q06,PR-13,F07,P1,有界job summary輪詢,Q03,Frontend＋Backend,B12;B13;P04,not-started,not-run,not-released,features/live/bulk-actions.tsx;features/live/operations.tsx;services/api/buyeros_api/api/routes/jobs.py;services/api/buyeros_api/services/bulk_service.py;docs/buyeros/contracts/openapi.proposed.yaml,services/live/job-poller.ts;tests/job-poller-checks.mjs;services/api/tests/test_job_summary_db.py,node tests/job-poller-checks.mjs；API-TEST tests/test_job_summary_db.py；CONTRACT；pnpm exec playwright test --config playwright.audit-fixes.config.ts tests/e2e/audit-operations.spec.ts,running1000results/RTT2.5s下每view最多一個progress request；hidden停止；未開結果不遍歷歷史頁；429尊重Retry-After,回退至手動 Refresh；不重新啟用每兩秒全結果抓取。,本地及隔離 fixture 可開始；正式環境另按 release gate。,,
Q07,PR-14,F09,P2,草稿控制項與模板承諾一致,Q15,Frontend＋Backend,A02;A07,not-started,not-run,not-released,features/live/drafts.tsx;services/api/buyeros_api/execution/handlers/draft_generate.py,tests/e2e/audit-template-copy.spec.ts,API-TEST tests/test_draft.py；pnpm exec playwright test --config playwright.audit-fixes.config.ts tests/e2e/audit-template-copy.spec.ts,兩組purpose/tone的行為與UI說明一致；zh-HK引用原語言有說明；不新增付費模型,恢復固定模板 UI 並保持限制文案；不啟用收費生成。,本地及隔離 fixture 可開始；正式環境另按 release gate。,,
Q12,PR-15,F16,P1,人工改稿的来源覆核與重新審批,Q15,Backend＋Frontend＋Reviewer,D01;D03;U09,not-started,not-run,not-released,services/api/buyeros_api/api/routes/drafts.py;services/api/buyeros_api/api/schemas.py;services/api/buyeros_api/db/drafts.py;services/api/buyeros_api/services/draft_service.py;services/api/buyeros_api/services/approval_service.py;services/live/drafts.ts;features/live/drafts.tsx;docs/buyeros/contracts/openapi.proposed.yaml,services/api/buyeros_api/services/draft_grounding.py;services/api/tests/test_manual_grounding_db.py;tests/e2e/audit-draft-reground.spec.ts,API-TEST tests/test_manual_grounding_db.py tests/test_draft_approval_context_db.py；CONTRACT；pnpm exec playwright test --config playwright.audit-fixes.config.ts tests/e2e/audit-draft-reground.spec.ts,改正文→保存→逐句來源覆核→exact review→approve→export完成；新revision撤舊approval；無引用／跨company／stale evidence拒絕；不直接設grounded,關閉新增覆核入口；保留 needs_review、所有 revisions 和 audit；不能直接改 grounded=true 讓舊稿通過。,本地及隔離 fixture 可開始；正式環境另按 release gate。,,
Q13,PR-16,F18,P1,Workspace membership discovery去全域掃描,N02,Backend／DB,P09;P10;S06,not-started,not-run,not-released,services/api/buyeros_api/api/routes/workspaces.py;services/api/buyeros_api/api/deps.py;services/api/buyeros_api/db/session.py,services/api/buyeros_api/services/workspace_directory.py;services/api/tests/test_workspace_directory_query_count.py,API-TEST tests/test_workspace_directory_query_count.py tests/test_workspace_listing_db.py tests/test_auth_tenant.py,ownedPG證明querycount不隨無關workspace線性增长；頁面完整；RLS／active／revocation不退化；禁止BYPASSRLS捷徑,切回舊 read strategy；保持 additive index/schema，確認 rollback 的舊程式仍可用；不改會員資料。,本地及隔離 fixture 可開始；正式環境另按 release gate。,,
Q14,PR-17,F17,P2,工作數與列表使用相同scope,Q03,Frontend,U15,not-started,not-run,not-released,features/live/overview.tsx;features/live/operations.tsx,services/live/job-query.ts;tests/e2e/audit-job-scope.spec.ts,pnpm exec playwright test --config playwright.audit-fixes.config.ts tests/e2e/audit-job-scope.spec.ts,A0/B5 fixture統計與點入列表一致；admin全workspace明確標籤；非admin仍actor-bound,revert query/UI；server 授權契約不變。,本地及隔離 fixture 可開始；正式環境另按 release gate。,,
Q08,PR-18,F11,P2,10k分段維護manifest,Q05;Q06,Backend＋Frontend,B01;B08;B09;B14;B15,not-started,not-run,not-released,services/api/buyeros_api/services/buyer_selection.py;services/api/buyeros_api/services/bulk_service.py;services/api/buyeros_api/db/outbox.py;features/live/buyer-results.tsx;features/live/bulk-actions.tsx;docs/buyeros/contracts/openapi.proposed.yaml,services/api/buyeros_api/services/bulk_manifest.py;services/api/buyeros_api/api/routes/bulk_manifests.py;services/api/tests/test_bulk_manifest_db.py;tests/e2e/audit-bulk-manifest.spec.ts,API-TEST tests/test_bulk_manifest_db.py tests/test_bulk_jobs_db.py；CONTRACT；pnpm exec playwright test --config playwright.audit-fixes.config.ts tests/e2e/audit-bulk-manifest.spec.ts,1000/1001限制不誤選；10k逐段總數一致，50衝突不改寫；重試不重做已成功列；中斷可恢復,停新 manifest admission；已入列工作按明確 cancel/recovery 保留結果；不盲目 Undo。,本地及隔離 fixture 可開始；正式環境另按 release gate。,,
Q09,PR-19,F14;F04,P2,日常任務優先的八模組UX,Q01;Q02;Q05;Q14;Q15,Product designer＋Frontend,U09;U10;U11;U12;WF01;WF02,not-started,not-run,not-released,features/live/overview.tsx;features/live/offer-wizard.tsx;features/live/buyer-results.tsx;features/live/results.tsx;features/live/run-progress.tsx;features/live/drafts.tsx;features/live/settings.tsx;features/live/operations.tsx;features/live/locale.ts;locales/index.ts,docs/buyeros/specs/2026-10-03-daily-workbench-ux.md;tests/e2e/audit-daily-ux.spec.ts,pnpm exec playwright test --config playwright.audit-fixes.config.ts tests/e2e/audit-daily-ux.spec.ts；使用既有 responsive/zoom config 執行 U10/U11；人工 U12 記分母及觀察,3–5員工完成五項任務≥90%；錯scope0；390px／200%／鍵盤／screen reader；記前後時間與失誤,按模組回退 UI；保留共用契約、原始資料及安全控制。,本地及隔離 fixture 可開始；正式環境另按 release gate。,,
Q10,PR-20／Release-Quality,F12,P1,效能與真實準確率驗收,Q06;Q08;Q12;Q13;Q09,QA／Data／SRE,A01;A03;A04;A05;A06;A08;P01;P02;P03;P04;P05;P06;P07;P08;P10;S03;S04;WF03,not-started,not-run,not-released,scripts/benchmark-buyeros.py;docs/buyeros/performance-baseline.md;docs/buyeros/pilot/evaluation-protocol.md,scripts/benchmark-workspace-directory.py;services/api/tools/evaluate_research_goldset.py;tests/e2e/audit-full-handoff.spec.ts,API-TEST tests/test_fit_eval.py tests/test_settlement.py；pnpm exec playwright test --config playwright.audit-fixes.config.ts tests/e2e/audit-full-handoff.spec.ts；執行已記錄負載腳本與goldset protocol,按報告先定門檻；分層200公司holdout及3次重跑；輸出p95/p99與CI；不把fixture當liveaccuracy,停止負載／canary，保留所有結果及未知holds；失敗gate阻止對應能力上線。,本地工具可做；真人UAT、真provider goldset、正式RUM依資料/帳戶/成本授權分別受阻。,,
N06,PR-21,F01;F20,P1,帳戶轉移演練與對帳,N05;Q12;Q15,Identity＋Admin,NA06;NA27,not-started,not-run,not-released,tests/e2e/fixtures/staff-journey.ts,services/api/tools/reconcile_auth_identities.py;docs/buyeros/runbooks/neon-auth-migration.md;tests/e2e/audit-neon-handoff.spec.ts,API-TEST tests/test_identity_mapping_db.py；pnpm exec playwright test --config playwright.neon-auth.config.ts tests/e2e/audit-neon-handoff.spec.ts,mapping數／membership數／角色／owner／歷史actor逐項一致；duplicate／unmapped拒絕自動提權；無密碼可匯出假設,關閉新身份使用；不重建 user、不撤回業務寫入；保留 proof 與對帳記錄。,工具與 fixture 可先做；實際帳戶 link／驗證信須有對應授權。,,
Q11,PR-00／PR-22／Release-Gates,F10;F13,P1,單一現況與分能力release gate,,Release owner＋SRE,R01;R02;R03;R04;R05;R06,not-started,not-run,not-released,docs/buyeros/REMAINING_DEVELOPMENT_STATUS.md;docs/buyeros/remaining/API_OPERATION_STATUS.csv;docs/buyeros/RELEASE_READINESS.md;docs/buyeros/provider-capabilities.md;services/api/buyeros_api/api/routes/health.py;services/api/buyeros_api/providers/base.py;services/api/buyeros_api/providers/search.py;services/api/buyeros_api/providers/contact.py;services/api/buyeros_api/providers/model.py;features/live/operations.tsx,docs/buyeros/CURRENT_STATUS.md;docs/buyeros/runbooks/2026-10-03-audit-release.md,CONTRACT；API-TEST tests/test_api_routes_contract.py；按 R01–R06 runbook 保存對照與演練證據,main/live明確；每個deployed驗收附case；schema/role/selector讀回；restore及告警有責任人；未驗不得markcomplete,回退新增文件/UI；啟用能力按各service runbook回復，不自動切換執行引擎。,PR-00記錄可立即做；正式 DB/worker/readback與recovery未有證據時其gate維持blocked。,,
N07,PR-23／Release-Auth,F20,P1,受控Neon切換及Auth0退役,N06;Q11,Release owner,NA28;NA29;NA30,not-started,not-run,not-released,docs/buyeros/runbooks/release.md;services/api/buyeros_api/settings.py,docs/buyeros/runbooks/neon-auth-cutover.md,重跑 NA28–NA30 的指定 tests；將 canary request IDs、登入分母／成功數／錯誤分類及 readback 寫入 release record,切換前後8模組驗收及觀察；未知寫入不重播；rollback不restore業務DB；到期後Auth0 token拒絕,以配置／部署回退，絕不整庫 restore；有限度恢復 Auth0 信任需新期限，不默認永久 dual。,需 N05/N06 全通過、Q11-Auth gate、production 授權、可用帳戶及回退演練；不能以 code merge 當正式切換完成。,,
Q16,INV-01,F21,P1,調查workspace500根因,,SRE／Backend,U16,blocked,not-run,not-released,services/api/buyeros_api/api/deps.py;services/api/buyeros_api/api/app.py;services/api/buyeros_api/api/errors.py,docs/buyeros/incidents/2026-10-03-workspace-500.md,唯讀比對原請求與有界重現；如修改診斷logging則 API-TEST tests/test_api_app.py,以同時間診斷確定或明確排除原因；保留最小重現與錯誤分類；不能只寫Neon冷啟動,純只讀無產品回退；診斷patch可revert，不刪原錯誤證據。,目前受阻：缺 OperationalError 底層診斷；此阻擋不能阻止其他獨立修復。,,
Q17,PR-24（條件式）,F21,P1,按已確認原因修復workspace500,Q16,Backend／SRE,P01;P02;U16,blocked,not-run,not-released,services/api/buyeros_api/api/deps.py;services/api/buyeros_api/api/routes/workspaces.py;services/api/buyeros_api/settings.py,services/api/tests/test_workspace_error_recovery.py,API-TEST tests/test_workspace_error_recovery.py tests/test_workspace_listing_db.py；按P01/P02有界重測,原觸發條件下讀取成功；失效role/schema仍清楚報錯；不加無限retry；無盲目重播write,回退根因所對應config/code；不還原DB、不新增會員、不擴大JWT信任。,Q16根因及重現未完成前不得開寫猜測修法。,,
