task_id,finding_ids,priority,title,change_scope,dependencies,owner_role,effort_estimate,status,acceptance_criteria,user_case_ids,evidence_ids,verification_environment,rollback,blocker
N00,F20,P1,Neon框架相容及精確契約spike,Vinext/Nitro兩種輸出；auth session／JWT／same-origin proxy；pin SDK,,Identity＋Frontend,1–2人日（粗估，非承諾）,待開始,登入→session→token→FastAPI→logout在兩種build實測；明列issuer/audience/JWKS與cookie；失敗不能只改env,NA01,E03;E09,local／owned PG／isolated preview；正式切換另有授權,刪隔離spike分支；舊auth不變,
N01,F20,P1,隔離Auth設定與production差異,Neon Auth環境、trusted domains、cookie secret、OAuth／email,N00,Platform,1人日（粗估，非承諾）,待開始,preview與production分離；secret不在client/log；只設定已選登入方法；用戶資料不跨branch洩漏,NA02;NA03,E09,local／owned PG／isolated preview；正式切換另有授權,回復設定版本；保留migration evidence,實際建立服務／發驗證信／付費需對應授權
N02,F01;F20,P1,身份映射保持User與membership,新增auth identity關聯；workspace discovery及load_membership用shared canonical resolver,N00,Backend／Identity,2–3人日（粗估，非承諾）,待開始,同一已核實使用者保留users.id；roles、ownership、approvals、audit actor均不重建；同email不自動link；唯一鍵與對帳可追查,NA07;NA08;NA09;NA10,E03;E09,local／owned PG／isolated preview；正式切換另有授權,保留additive mapping；關閉新provider，不還原整個DB,
N03,F20,P1,Neon JWT驗證及有限雙issuer,verifier／JWKS cache：RSA Auth0與Ed25519 Neon分開allowlist,N00;N02,Backend／Security,2人日（粗估，非承諾）,待開始,錯alg／iss／aud／kid／過期拒絕；rotation與cache outage測試；不使用Neon role決定workspace權限,NA11;NA12;NA13;NA14;NA15;NA16,E03;E09,local／owned PG／isolated preview；正式切換另有授權,provider flag切回已授權舊路徑；撤回新issuer接受,
N04,F02;F15;F20,P1,Neon UI及session恢復,登入／callback／session provider／token renewal／zh-HK,N01;N03;Q01,Frontend,2–3人日（粗估，非承諾）,待開始,刷新／新分頁／deep link／15分鐘JWT換取／logout撤回／disabled member皆有清楚結果；無token localStorage,NA04;NA05;NA17;NA18;NA19;NA20;NA23;U14,E03;E09,local／owned PG／isolated preview；正式切換另有授權,旗標回復前一UI；不丟membership／歷史資料,
N05,F20,P1,身份及八模組回歸,CSRF／cross-tenant／revocation／role change／full staff flow,N02;N03;N04,QA＋Security,2人日（粗估，非承諾）,待開始,必要owned DB／UI cases零skip；所有角色與8模組完整journey；worker HMAC未受影響,NA21;NA22;NA24;NA25;NA26,E09,local／owned PG／isolated preview；正式切換另有授權,阻止cutover；不減斷言來通過,
N06,F01;F20,P1,帳戶轉移演練與對帳,身份prove-and-link；受控OAuth reauth／password reset；異常清單,N05,Identity＋Admin,1–2人日（粗估，非承諾）,待開始,mapping數／membership數／角色／owner／歷史actor逐項一致；duplicate／unmapped拒絕自動提權；無密碼可匯出假設,NA06;NA27,E09,local／owned PG／isolated preview；正式切換另有授權,關閉新mapping使用；保留可審計舊identity,
N07,F20,P1,受控Neon切換及Auth0退役,有限雙auth→Neon only→舊secret／callback清理,N06;Q11,Release owner,1–2人日（粗估，非承諾）,待開始,切換前後8模組驗收及觀察；未知寫入不重播；rollback不restore業務DB；到期後Auth0 token拒絕,NA28;NA29;NA30,E02;E09,local／owned PG／isolated preview；正式切換另有授權,有期限回舊auth；新Neon會員須明確恢復策略,production授權、可用會員、rollback rehearsal
Q01,F01;F02;F15,P1,修復auth狀態、空存取與語言,workspace-picker／callback／provider；UI初始化與config錯誤分離,,Frontend＋Admin,1–2人日（粗估，非承諾）,待開始,無membership能切繁中及重新核對；配置正確無false alert；精確issuer/sub由admin核對，無email自動升權,U01;U02;U03;U13,E01;E03;E07,local／owned PG／isolated preview；正式切換另有授權,revert UI；保留授權fail-closed,正式會員核對需管理員；UI可先做
Q02,F03;F04,P1,成員分頁與可辨識身份,settings／memberships API；另提供operator可用的最小eligible-assignee lookup,N02,Frontend＋Backend,2–3人日（粗估，非承諾）,待開始,250成員全部可達；搜尋第101位；同名／尾碼碰撞可辨；last-admin競態與逐人原因通過,U06;U07;U08;S06,E03,local／owned PG／isolated preview；正式切換另有授權,revert分頁UI／投影欄；不rollback已審計角色變更,
Q03,F05,P1,Operations契約與結果分頁,generated AsyncJob／BulkItemResult.id；remove handwritten Job；detail paging,,Frontend,1人日（粗估，非承諾）,待開始,21及101結果均可讀完整ID；真實payload render無undefined key；cross-workspace job拒絕,B10;B11,E03,local／owned PG／isolated preview；正式切換另有授權,revert consumer；server contract不變,
Q04,F08,P1,研究建立保留操作意圖,run-progress／ActionIntent；建立與查詢recovery,,Frontend＋Backend,1–2人日（粗估，非承諾）,待開始,commit後丟202再按Retry：只一run／outbox／economic intent；body或scope改變才新key；doubleclick共享pending,B05;B06,E03;E05,local／owned PG／isolated preview；正式切換另有授權,暫停新research建立；保留已有run／holds／outbox,
Q05,F06,P1,分派同事與精確批量確認,eligible owner picker；scope/selection/owner/reason fingerprint,Q02,Frontend＋Backend,1–2人日（粗估，非承諾）,待開始,選5後加1清confirm；可指定同事／自己／無owner；preview後owner失效由server拒絕；逐列版本正確,B02;B03;B04;B07;B16,E03,local／owned PG／isolated preview；正式切換另有授權,關閉新版bulk入口；不自動撤銷已完成分派,
Q06,F07,P1,有界job summary輪詢,summary／paged results分離；abort／single-flight／visibility／backoff,Q03,Frontend＋Backend,1–2人日（粗估，非承諾）,待開始,running1000results/RTT2.5s下每view最多一個progress request；hidden停止；未開結果不遍歷歷史頁；429尊重Retry-After,B12;B13;P04,E03,local／owned PG／isolated preview；正式切換另有授權,回退到手動Refresh，不恢復高頻全結果輪詢,
Q07,F09,P2,草稿控制項與模板承諾一致,移除無效tone/objective或實作有引用約束的免費style/CTA,,Frontend＋Backend,1人日（粗估，非承諾）,待開始,兩組purpose/tone的行為與UI說明一致；zh-HK引用原語言有說明；不新增付費模型,A02;A07,E06,local／owned PG／isolated preview；正式切換另有授權,恢復固定模板並明確標示限制,
Q08,F11,P2,10k分段維護manifest,server frozen IDs/versions；chunks／結果／failed-only retry,Q05;Q06,Backend＋Frontend,3–5人日（粗估，非承諾）,待開始,1000/1001限制不誤選；10k逐段總數一致，50衝突不改寫；重試不重做已成功列；中斷可恢復,B01;B08;B09;B14;B15,E03,local／owned PG／isolated preview；正式切換另有授權,停止新manifest；已commit結果保留並可查；不盲目Undo,
Q09,F14;F04,P2,日常任務優先的八模組UX,compact scope；buyer主區與sticky bulk bar；human labels；shared dictionaries,Q01;Q02;Q14,Product designer＋Frontend,3–5人日（粗估，非承諾）,待開始,3–5員工完成五項任務≥90%；錯scope0；390px／200%／鍵盤／screen reader；記前後時間與失誤,U09;U10;U11;U12,E03,local／owned PG／isolated preview；正式切換另有授權,按模組feature flag回退；資料契約不變,
Q10,F12,P1,效能與真實準確率驗收,隔離load／goldset／provider canary／可重跑結果,Q06;Q08;Q12;Q13,QA／Data／SRE,3–5人日（粗估，非承諾）,待開始,按報告先定門檻；分層200公司holdout及3次重跑；輸出p95/p99與CI；不把fixture當liveaccuracy,A03;A04;A05;A06;A08;P01;P02;P03;P04;P05;P06;P07;P08;P10,E04;E06;E08,local／owned PG／isolated preview；正式切換另有授權,停壓測／canary；保留證據與holds,真provider、隔離資料及成本上限未就緒
Q11,F10;F13,P1,單一現況與分能力release gate,CURRENT_STATUS／operation ledger／readiness／owner與時間；記code/deployment/DB/jobs/provider/UAT,,Release owner＋SRE,1–2人日（粗估，非承諾）,待開始,main/live明確；每個deployed驗收附case；schema/role/selector讀回；restore及告警有責任人；未驗不得markcomplete,R01;R02;R03;R04;R05;R06,E02;E03,local／owned PG／isolated preview；正式切換另有授權,只回復文件與UI；activation rollback依實際service runbook,正式DB／worker readback與外部recovery證據仍缺
Q12,F16,P1,人工改稿的来源覆核與重新審批,revision-bound claims mapping／human grounding review endpoint與UI；current facts/policy再驗,,Backend＋Frontend＋Reviewer,2–4人日（粗估，非承諾）,待開始,改正文→保存→逐句來源覆核→exact review→approve→export完成；新revision撤舊approval；無引用／跨company／stale evidence拒絕；不直接設grounded,D01;D03;U09,E03;E06,local／owned PG／isolated preview；正式切換另有授權,關閉新覆核入口，保留needs_review與修訂；不自動批准,
Q13,F18,P1,Workspace membership discovery去全域掃描,canonical identity lookup；受限制的DB端membership discovery＋pagination,N02,Backend／DB,2–3人日（粗估，非承諾）,待開始,ownedPG證明querycount不隨無關workspace線性增长；頁面完整；RLS／active／revocation不退化；禁止BYPASSRLS捷徑,P09;P10;S06,E03;E06,local／owned PG／isolated preview；正式切換另有授權,切回舊read策略；保留新schema兼容；不撤銷member資料,
Q14,F17,P2,工作數與列表使用相同scope,overview／operations query builder；project_id與workspace視圖切換,,Frontend,1人日（粗估，非承諾）,待開始,A0/B5 fixture統計與點入列表一致；admin全workspace明確標籤；非admin仍actor-bound,U15,E03,local／owned PG／isolated preview；正式切換另有授權,回復UI；server授權不改,
Q15,F19,P1,草稿dirty guard與明確保存選擇,Refresh draft／job／open共用Save/Discard/Cancel,,Frontend,1人日（粗估，非承諾）,待開始,Cancel不改local subject/body/language；Save成功再換；Discard明確；412保留local供比較,D02,E03,local／owned PG／isolated preview；正式切換另有授權,revert guard UI但保留local暫存；不得清除未保存內容,
Q16,F21,P1,調查workspace500根因,精確requestID／時間的DB、pool、schema/role、timeout資訊；唯讀,,SRE／Backend,0.5–1人日（粗估，非承諾）,受阻,以同時間診斷確定或明確排除原因；保留最小重現與錯誤分類；不能只寫Neon冷啟動,U16,E07,local／owned PG／isolated preview；正式切換另有授權,純調查無產品rollback,目前日志只有OperationalError，缺底層診斷
Q17,F21,P1,按已確認原因修復workspace500,Q16結論所指最小連線／查詢／環境修復；有上限GET retry,Q16,Backend／SRE,待Q16後估人日（粗估，非承諾）,受阻,原觸發條件下讀取成功；失效role/schema仍清楚報錯；不加無限retry；無盲目重播write,U16;P01;P02,E07,local／owned PG／isolated preview；正式切換另有授權,依具體變更revert設定／程式；不restore業務DB,依賴Q16根因；不預設加pool
