finding_id,priority,problem,production_status,development_status,evidence_state,task_ids,case_ids,source_path,source_url,evidence,completion
F01,P1,工作區存取與恢復,舊版無會員恢復缺口仍在；本次停於憑證拒絕，未重新驗證會員狀態,恢復 UI 已寫；真實會員／工作區驗收仍受阻,code-only + labelled historical fixture evidence,Q01;A26-02,U01;U02;U04;S01,features/live/workspace-picker.tsx,https://github.com/YNWAforever/BuyerOS/blob/bbaf8ecd1f7ef755b89cdc29c8e01c505ad96442/features/live/workspace-picker.tsx,E01;E02;E03;E04;E06;E07,受阻
F02,P2,無工作區時不能切換語言,main 未更新，原始限制仍在來源,Q01 已提供本地語言偏好及延後持久化；待部署驗收,code-only + labelled historical fixture evidence,Q01;A26-03,U03,features/live/workspace-picker.tsx,https://github.com/YNWAforever/BuyerOS/blob/bbaf8ecd1f7ef755b89cdc29c8e01c505ad96442/features/live/workspace-picker.tsx,E01;E02;E03;E04;E06;E07,待驗收
F03,P1,成員清單只取首100筆,原始分頁缺口仍在正式來源,20筆分頁、total及搜尋已加入；既有250成員 fixture證據,code-only + labelled historical fixture evidence,Q02;A26-03,U06,features/live/member-directory.tsx,https://github.com/YNWAforever/BuyerOS/blob/bbaf8ecd1f7ef755b89cdc29c8e01c505ad96442/features/live/member-directory.tsx,E01;E02;E03;E04;E06;E07,待驗收
F04,P2,成員辨識／入職支援不足,正式來源仍以短ID為主,姓名／完整ID／role編輯已有；只管理現有會員，完整邀請入職流程仍未交付,code-only + labelled historical fixture evidence,Q02;A26-02;A26-09,U05;U07;U08;S06,features/live/member-directory.tsx,https://github.com/YNWAforever/BuyerOS/blob/bbaf8ecd1f7ef755b89cdc29c8e01c505ad96442/features/live/member-directory.tsx,E01;E02;E03;E04;E06;E07,待驗收
F05,P1,Operations錯用buyer_id及只顯示首20結果,正式來源未修,改用生成型別id、20筆分頁及舊請求取消；待正式驗收,code-only + labelled historical fixture evidence,Q03;A26-03,B10;B11,features/live/operations.tsx,https://github.com/YNWAforever/BuyerOS/blob/bbaf8ecd1f7ef755b89cdc29c8e01c505ad96442/features/live/operations.tsx,E01;E02;E03;E04;E06;E07,待驗收
F06,P2,批量分派／確認容易出錯,正式來源仍為原始能力,同事搜尋、精確確認及未知結果保留已有；真人可用性待驗,code-only + labelled historical fixture evidence,Q05;A26-03;A26-09,B01;B02;B03;B04;B07;B08;B09;B16,features/live/bulk-actions.tsx,https://github.com/YNWAforever/BuyerOS/blob/bbaf8ecd1f7ef755b89cdc29c8e01c505ad96442/features/live/bulk-actions.tsx,E01;E02;E03;E04;E06;E07,待驗收
F07,P1,輪詢重抓全部結果及重疊請求,正式來源仍是舊轮詢,摘要輪詢、單一請求、取消、隱藏暫停及退避已有；本次11項poller unit通過,code-only + labelled historical fixture evidence,Q06;A26-03;A26-10,B12;B13;P04,services/live/job-poller.ts,https://github.com/YNWAforever/BuyerOS/blob/bbaf8ecd1f7ef755b89cdc29c8e01c505ad96442/services/live/job-poller.ts,E01;E02;E03;E04;E06;E07,待驗收
F08,P1,研究未知回應重試可能建立新意圖,正式來源未修；未觀察真實重複扣款,穩定fingerprint/key及同意圖retry已有；本次3項intent unit通過,code-only + labelled historical fixture evidence,Q04;A26-03,B05;B06;S03,services/live/runs.ts,https://github.com/YNWAforever/BuyerOS/blob/bbaf8ecd1f7ef755b89cdc29c8e01c505ad96442/services/live/runs.ts,E01;E02;E03;E04;E06;E07,待驗收
F09,P2,tone/objective看似控制文案但不改輸出,正式來源仍有誤導風險,改為如實標明免費固定模板，語言只改框架；未新增真實LLM文案能力,code-only + labelled historical fixture evidence,Q07;A26-03;A26-09,A02;A07,services/api/buyeros_api/execution/handlers/draft_generate.py,https://github.com/YNWAforever/BuyerOS/blob/bbaf8ecd1f7ef755b89cdc29c8e01c505ad96442/services/api/buyeros_api/execution/handlers/draft_generate.py,E01;E02;E03;E04;E06;E07,待驗收
F10,P1,真實研究／聯絡整合及寄送未啟用,研究預設無capability；delivery固定403；核心流程不完整,同樣未啟用；ready提示／責任角色較清晰。不是填API key即可完成,code-only + labelled historical fixture evidence,Q11;A26-05;A26-12,P08;S04;S05;R02;R03;R04;R06;WF03;O26-02;O26-07;O26-16,services/api/buyeros_api/api/routes/runs.py,https://github.com/YNWAforever/BuyerOS/blob/bbaf8ecd1f7ef755b89cdc29c8e01c505ad96442/services/api/buyeros_api/api/routes/runs.py,E01;E02;E03;E04;E06;E07,受阻
F11,P2,一般snapshot只容納1000筆,正式來源無新增manifest,新增上限10000的凍結manifest；10001拒絕、不截斷；0037未確認正式應用,code-only + labelled historical fixture evidence,Q08;A26-03,B14;B15,services/api/buyeros_api/services/bulk_manifest.py,https://github.com/YNWAforever/BuyerOS/blob/bbaf8ecd1f7ef755b89cdc29c8e01c505ad96442/services/api/buyeros_api/services/bulk_manifest.py,E01;E02;E03;E04;E06;E07,待驗收
F12,P1,真實準確度／現場效能未量測,沒有本次真實provider/goldset/負載證據,離線評估工具已有；假資料分數不代表真實準確度,code-only + labelled historical fixture evidence,Q10;A26-10,A01;A03;A04;A05;A06;A08;P01;P02;P03;P05;P06;P07;S02;O26-03,services/api/tools/evaluate_research_goldset.py,https://github.com/YNWAforever/BuyerOS/blob/bbaf8ecd1f7ef755b89cdc29c8e01c505ad96442/services/api/tools/evaluate_research_goldset.py,E01;E02;E03;E04;E06;E07,受阻
F13,P2,狀態文件與實際交付不一致,正式78 operations；開發84；不能混稱已上線,CURRENT_STATUS累積多個Current；PR內文Draft已過時但平台已merged至非main,code-only + labelled historical fixture evidence,Q11;A26-01,R01;R05;O26-15,docs/buyeros/CURRENT_STATUS.md,https://github.com/YNWAforever/BuyerOS/blob/bbaf8ecd1f7ef755b89cdc29c8e01c505ad96442/docs/buyeros/CURRENT_STATUS.md,E01;E02;E03;E04;E06;E07,待驗收
F14,P2,每日工作台／手機／審核效率不足,正式版仍是原始流程；本次登入後未實測,已有中英／鍵盤／手機fixture證據，但長表單、UUID、source段落offset仍增加員工負擔,code-only + labelled historical fixture evidence,Q09;A26-09,U09;U10;U11;U12;WF01;WF02;WF03;O26-13,features/live/draft-grounding-review.tsx,https://github.com/YNWAforever/BuyerOS/blob/bbaf8ecd1f7ef755b89cdc29c8e01c505ad96442/features/live/draft-grounding-review.tsx,E01;E02;E03;E04;E06;E07,待驗收
F15,P2,初始化短暫顯示登入未設定,正式來源未更新；本次未量測閃現,新增initializing狀態及明確錯誤；待部署驗收,code-only + labelled historical fixture evidence,Q01;A26-03,U13,features/providers/workspace-session.tsx,https://github.com/YNWAforever/BuyerOS/blob/bbaf8ecd1f7ef755b89cdc29c8e01c505ad96442/features/providers/workspace-session.tsx,E01;E02;E03;E04;E06;E07,待驗收
F16,P1,手改草稿後不能完成來源覆核／審批,正式來源仍缺重核通道,新增不可變人工來源覆核、Unicode段落及精確revision/hash；不等於機器核實語義真偽,code-only + labelled historical fixture evidence,Q12;A26-03,D01;D03,services/api/buyeros_api/services/draft_grounding.py,https://github.com/YNWAforever/BuyerOS/blob/bbaf8ecd1f7ef755b89cdc29c8e01c505ad96442/services/api/buyeros_api/services/draft_grounding.py,E01;E02;E03;E04;E06;E07,待驗收
F17,P2,Overview顯示project但failed jobs用workspace範圍,正式來源未修,count、清單、deep link共用JobScope；本次3項query unit通過,code-only + labelled historical fixture evidence,Q14;A26-03,U15,services/live/job-query.ts,https://github.com/YNWAforever/BuyerOS/blob/bbaf8ecd1f7ef755b89cdc29c8e01c505ad96442/services/live/job-query.ts,E01;E02;E03;E04;E06;E07,待驗收
F18,P1,workspace discovery隨全部工作區線性查詢,每頁仍先掃全部workspace再切頁,reviewed branch也未改；歷史PG16 SQL gate失敗；另有peer Q13聲明但未在本樹,code-only + labelled historical fixture evidence,Q13;A26-04,P09;P10;O26-12,services/api/buyeros_api/api/routes/workspaces.py,https://github.com/YNWAforever/BuyerOS/blob/bbaf8ecd1f7ef755b89cdc29c8e01c505ad96442/services/api/buyeros_api/api/routes/workspaces.py,E01;E02;E03;E04;E06;E07,待驗收
F19,P2,刷新草稿覆蓋未儲存內容,正式來源未修,Save/Discard/Cancel守衛已有；本次7項guard unit通過,code-only + labelled historical fixture evidence,Q15;A26-03,D02,features/live/draft-dirty-guard.tsx,https://github.com/YNWAforever/BuyerOS/blob/bbaf8ecd1f7ef755b89cdc29c8e01c505ad96442/features/live/draft-dirty-guard.tsx,E01;E02;E03;E04;E06;E07,待驗收
F20,P1,Auth0→Neon Auth仍未完成,本次live實際仍跳Auth0,Neon SDK只供spike；N00尚未完整驗收，N01–N07未在此分支交付,code-only + labelled historical fixture evidence,N00–N07;A26-06,U14;NA01;NA02;NA03;NA04;NA05;NA06;NA07;NA08;NA09;NA10;NA11;NA12;NA13;NA14;NA15;NA16;NA17;NA18;NA19;NA20;NA21;NA22;NA23;NA24;NA25;NA26;NA27;NA28;NA29;NA30;O26-10;O26-11,docs/buyeros/decisions/2026-10-03-neon-auth-contract.md,https://github.com/YNWAforever/BuyerOS/blob/bbaf8ecd1f7ef755b89cdc29c8e01c505ad96442/docs/buyeros/decisions/2026-10-03-neon-auth-contract.md,E01;E02;E03;E04;E06;E07,受阻
F21,P1,曾發生workspace API 500，根因未明,保留10月2日OperationalError；本次未重現也未關閉,Q16仍待SQLSTATE等診斷；不得猜是cold-start或pool,code-only + labelled historical fixture evidence,Q16;Q17;A26-07;A26-08,U16,docs/buyeros/incidents/2026-10-03-workspace-500.md,https://github.com/YNWAforever/BuyerOS/blob/bbaf8ecd1f7ef755b89cdc29c8e01c505ad96442/docs/buyeros/incidents/2026-10-03-workspace-500.md,E01;E02;E03;E04;E06;E07,受阻
F22,P1,已做修復仍未交付到正式使用者,main及正式部署仍a78859f,PR11已合併到codex/n00-native-ipc-isolation；相同樹不在main；部署缺口確認,verified metadata/live,Q11;A26-01;A26-03;A26-13,O26-15,TASKS.json,https://github.com/YNWAforever/BuyerOS/blob/bbaf8ecd1f7ef755b89cdc29c8e01c505ad96442/TASKS.json,E01;E02;E03;E04;E06;E07,待驗收
