task_id,priority,original_task,task,dependencies,owner_role,difficulty_estimate,status,finding_ids,case_ids,locations,implementation,acceptance,rollback
A26-01,P1,Q11,鎖定整合／部署基準,—,Release owner,中；1–2日,待開始,F13;F22,R01;R05;O26-15,TASKS.json; CURRENT_STATUS.md; .github/workflows/buyeros-ci.yml,確認main、PR基底、release SHA與migration；單一機器可讀狀態含code/CI/deployed/UAT四欄；保留歷史附錄。,PR11 merged至非main、CI樹、production SHA全部對得上；84/78差異列出；無過時Current或Draft結論。,只回退新狀態文件／release候選，不改正式資料。
A26-02,P1,Q01/Q02,恢復授權帳戶驗收及入職路徑,A26-01,Workspace admin + QA,中；存取時間未知,受阻,F01;F04,U01;U02;U04;U05;U07;U08;S01;S06;O26-01;O26-09;O26-14,workspace-picker.tsx; member-directory.tsx; api/deps.py,由持有權限者確認正確登入方法與既有issuer/sub、canonical user和指定membership；驗證空狀態支援／重查。邀請未有功能則設明確受控入職runbook。,授權operator/reviewer/admin/viewer各看見正確範圍；錯誤帳戶可恢復；不按相同email自動連結或自行升權。,保留原身份／會員關係；若另獲授權新增測試會員，依可回復流程清理。
A26-03,P1,Q01–Q08/Q12/Q14/Q15,驗收並整合已存在的業務修復,A26-01,Frontend + Backend + QA,高；3–5日，視整合衝突,待驗收,F02;F03;F04;F05;F06;F07;F08;F09;F11;F15;F16;F17;F19;F22,U03;U05;U06;U07;U08;B01;B02;B03;B04;B05;B06;B07;B08;B09;B10;B11;B12;B13;B14;B15;B16;A02;A07;P04;S03;S06;U13;U15;D01;D02;D03;O26-04;O26-05;O26-06;O26-09;O26-15,features/live/*; services/live/*; API membership/jobs/drafts/bulk_manifest; alembic0037,按既有Q任務review/reuse，保留session世代、If-Match、idempotency、RLS、未知回應與審批約束；建立可部署preview，同步0037與API/UI契約。勿從零重做或盲目整條spike合併。,選取原98案中本次修復相關案例＋44 unit＋API/worker/契約/build/preview流程過關；100/101/1000/1001/10000/10001邊界、lost-response及revocation有持久化讀回。,回退應用版本或feature gate；0037有資料時禁止盲目downgrade，保留manifest/job/audit再按runbook前向修復。
A26-04,P1,Q13,修復workspace discovery的全租戶掃描,A26-01,Backend/DB,高；2–4日,待開始,F18,P09;P10;O26-12,api/routes/workspaces.py; api/deps.py; db/models.py; benchmark_workspace_directory_case.py,先審查peer Q13是否可重用；以既有canonical user做受限member-first查詢、索引及DB分頁；不得用BYPASSRLS或信任email／JWT role。重新評估是否真的依賴Neon N02，勿無條件等待。,W=1/10/100/1000、actor有1/多個/零會員、runtime非owner/NOBYPASSRLS、revocation即時；SQL<=6且不隨無關W增長；EXPLAIN及p95/錯誤分母留證。,以feature gate回舊查詢；新增索引可保留；身份與RLS不可回退成放寬。
A26-05,P1,F10 provider lane,完成真實研究及聯絡供應商接駁,A26-01,Backend + Integrations,高；5–10日，供應商待選,待開始,F10,P08;S04;S05;R02;R03;R04;R06;WF03;O26-02;O26-07;O26-14;O26-16,providers/base.py; routes/runs.py; run_admission.py; execution handlers; worker/controller,分開選定search、fit/model、contact adapters；實作selection resolver、已核實pricing/capabilities、配額／預算、status reconciliation及來源保存；先sandbox。只改env key不能關閉此項。,有獲授權隔離provider結果：offer→ICP→admit→queue→persisted buyers/evidence/fit→UI；timeout/429/取消/unknown不重複計費；fixtures不可進production。,關閉該provider及新admission；保留未知hold、已接受operation、outbox及帳目，先對帳再重試。
A26-06,P1,N00–N07,完成Neon Auth兼容、身份遷移及切換,A26-01,Identity + Backend + Frontend,高；5–10日以上，真實目標待驗,進行中,F20,U14;NA01;NA02;NA03;NA04;NA05;NA06;NA07;NA08;NA09;NA10;NA11;NA12;NA13;NA14;NA15;NA16;NA17;NA18;NA19;NA20;NA21;NA22;NA23;NA24;NA25;NA26;NA27;NA28;NA29;NA30;O26-10;O26-11;O26-14,Neon contract; auth.ts; api/auth.py/verifier.py; canonical user mapping; deployment wiring,先收斂N00到真實支援的登入/session/token/logout及callback契約；釐清原302失敗與真實OAuth路徑的關係；再N01環境、N02不可變identity映射、N03明確issuer/audience/JWKS/alg verifier、N04session、N05negative/security、N06演練、N07切換。,真實隔離Neon在BuyerOS Vinext/Nitro/Vercel產物通過登入/Google若已配置/重新整理/token/API/logout/過期/撤權；canonical users、歷史owner/approval/audit不變；same-email不自動合併；回退演練完成。,切回已驗證auth路徑；新增identity mapping不刪舊canonical資料，不撤銷無關存取；不把fixture信任值帶進正式。
A26-07,P1,Q16,補足workspace 500診斷,A26-01,SRE + Backend,中；1–2日，歷史證據可能缺失,受阻,F21,U16,incidents/2026-10-03-workspace-500.md; api/errors.py; DB engine logging,同request ID記錄脫敏driver類別、SQLSTATE、connection/pool wait/timeout、schema及role版本；歷史無資料則隔離受控重現，先調查才修。,能用同版本證據區分連線、pool、schema／role、驗證原因；無DSN、token、SQL參數或個資外洩。,關閉新增診斷或回退logging配置；保留原事故證據。
A26-08,P1,Q17,只修正已證實的500根因,A26-07,Backend/SRE,待根因；估時未定,受阻,F21,U16,由A26-07證据確定的實際故障位置,根因成立後新增能失敗的回歸案例，再修連線／查詢／權限／生命周期的具體原因；禁止猜測式增加retry/pool。,原故障在相同條件被測試覆蓋，修復後通過；冷／熱、故障恢復及錯誤追蹤具體證據。,回退該修復及相容設定；不自動重播結果未知的寫入。
A26-09,P2,Q09/Q02/Q07,縮短每日工作及審核操作,A26-03,Product + UX + Frontend,中；3–5日,待驗收,F04;F06;F09;F14,U05;U07;U08;U09;U10;U11;U12;B01;B02;B03;B04;B07;B08;B09;B16;A02;A07;S06;WF01;WF02;WF03;O26-08;O26-09;O26-13;O26-14,overview.tsx; drafts.tsx; draft-grounding-review.tsx; bulk-manifest.tsx; settings.tsx,角色化今日清單＋準確篩選／數量；sender/技術ID摺疊；來源用名稱／網址／日期卡片；用選取文字拆段代替輸入code-point；manifest以人名/篩選chips/數量呈現，digest保留進階；精確payload約束不變。,至少3位代表員工各完成找待辦、分派、研究失敗恢復、改稿審批、失敗批量重試；記錄耗時／錯誤／求助；390px/桌面/200%/鍵盤/實際screen reader驗收。,UI feature gate或revert元件；不改domain狀態／審批安全條件。
A26-10,P1,Q10,量測真實準確度及效能,A26-04;A26-05,QA + Product + Backend,高；3–5日，標註工時另計,待開始,F07;F12;F18,B12;B13;A01;A03;A04;A05;A06;A08;P01;P02;P03;P04;P05;P06;P07;S02;P09;P10;O26-03;O26-12,quality_metrics.py; evaluate_research_goldset.py; benchmark tools,固定goldset與holdout及三次run；逐來源讀回、公司去重、地區語言、人工雙人標註；preview做冷／熱負載、長清單、並發、poll及批量，產出延遲／SQL／錯誤／成本。,真實樣本與fixture分開；n、時間、資料量、role、機器、SQL、p50/p95、錯誤分母和成本齊備；p99不足樣本標不穩定；事前門檻全數簽核。,停測並關閉測試負載；不改正式配額／價錢／資料；隔離資料按runbook清理。
A26-11,P1,Q11 final staff gate,完整八模組研究至授權匯出驗收,A26-02;A26-03;A26-04;A26-05;A26-06;A26-09;A26-10,QA + Staff owner,高；2–3日,受阻,F01;F10;F12;F14;F20;F22,U01;U02;U04;U09;U10;U11;U12;A01;A03;A04;A05;A06;A08;P01;P02;P03;P05;P06;P07;P08;S01;S02;S04;S05;R02;R03;R04;R06;U14;WF01;WF02;WF03;NA01;NA02;NA03;NA04;NA05;NA06;NA07;NA08;NA09;NA10;NA11;NA12;NA13;NA14;NA15;NA16;NA17;NA18;NA19;NA20;NA21;NA22;NA23;NA24;NA25;NA26;NA27;NA28;NA29;NA30;O26-01;O26-02;O26-03;O26-07;O26-08;O26-09;O26-10;O26-11;O26-13;O26-14;O26-15;O26-16,八模組＋API＋DB＋worker/controller＋export/outcomes,用同一隔離dataset，operator建offer/ICP、research、buyers/review/contact、draft/edit；reviewer re-ground→exact approval→export；operator append outcome；admin看readiness/bulk/audit；最後重開讀回。,每段有UI/請求ID/DB或job狀態/worker/provider receipt/匯出對照；角色切換和失敗恢复過關；正式唯讀冒煙不等於完整驗收。,停止新工作；保留已接受／未知任務與審計；用測試資料清理runbook。
A26-12,P1,Delivery feature gap,如需站內發送，另交付可追蹤寄送連接器,A26-05;A26-06,Integrations + Product + QA,高；5–10日以上，供應商待選,待開始,F10,P08;S04;S05;R02;R03;R04;R06;WF03;O26-02;O26-07;O26-14;O26-16,routes/drafts.py disabledDeliveryBoundary; delivery adapter/outbox/webhook 新增,先定義核准收件人／寄件身份／policy／精確revision驗證；sandbox寄送、穩定message intent、webhook dedupe/signature、bounce/unsubscribe/suppression、unknown對帳。未過關保留403，UI清楚說明目前只匯出。,隔離核准收件人：一次送出、重試不重送、政策撤銷阻擋、事件可追蹤且不偽造送達；新增官方契約與fixture+provider sandbox測試。,關delivery gate並停止新admission；已送出email不可撤回，不回滾成再次寄送。
A26-13,P1,Q11 release,發布同版本候選及持續監控,A26-03;A26-04;A26-11,Release owner + SRE,中；1–2日,待開始,F13;F22,R01;R05;O26-15,CI; Vercel; Alembic; worker runtime selector; status docs,以同一SHA證明CI/preview/schema/queue/provider/Auth及UAT；A26-08事故風險未解不得宣称關閉；站內發送的release另須A26-12。準備可審閱deploy/rollback後依授權發布。,production alias/SHA/API版本/schema/worker epoch讀回一致；登入及read-only smoke成功；監控錯誤與latency；所有未驗項顯示open。,切回上一應用版本／feature gate；資料遷移須相容，不逆向刪manifest或已接受operation。
