task_id,title,parent_tasks,finding_ids,priority,dependencies,dependency_conditions,owner_role,effort,status,case_ids,new_case_ids,existing_files,proposed_new_files,acceptance,rollback,execution_sha,execution_evidence
C61-01,鎖定證據、分支差異及交付基準,A26-01;Q11,F13;F22,P1,,全部列出的依賴已完成相應交付,Release / Codex,0.5–1 人日,待開始,R01;R05;O26-15,,TASKS.json;docs/buyeros/CURRENT_STATUS.md;.github/workflows/buyeros-ci.yml,docs/buyeros/decisions/2026-10-06-fix-integration.md;docs/buyeros/release-candidate.json,每個既有修復有實際 commit/path 與採用決定；八模組 live 驗收仍標未完成。原 ZIP 不更改。命令是本地核對，不代表發布。,刪除未採用的隔離 worktree；不 reset 使用者分支，不改原 audit。,,
C61-02,整合並驗收已存在的 Q 修復,A26-03;Q01;Q02;Q03;Q04;Q05;Q06;Q07;Q08;Q12;Q14;Q15,F01;F02;F03;F04;F05;F06;F07;F08;F09;F11;F15;F16;F17;F19,P1,C61-01,全部列出的依賴已完成相應交付,Full stack / QA,3–5 人日,待驗收,U02;U03;U05;U06;U07;U08;B01;B02;B03;B04;B05;B06;B07;B08;B09;B10;B11;B12;B13;B14;B15;B16;A02;A07;P04;S06;U13;U15;D01;D02;D03;WF01;WF02;O26-04;O26-05;O26-06;O26-09,,features/live/workspace-picker.tsx;features/live/settings.tsx;features/live/operations.tsx;features/live/bulk-actions.tsx;features/live/bulk-manifest.tsx;features/live/drafts.tsx;features/live/draft-grounding-review.tsx;features/live/draft-dirty-guard.tsx;services/live/job-poller.ts;services/live/job-query.ts;services/api/buyeros_api/services/bulk_manifest.py;services/api/buyeros_api/services/draft_grounding.py;services/api/tests/test_membership_directory_db.py;services/api/tests/test_bulk_manifest_db.py;services/api/tests/test_manual_grounding_db.py,docs/buyeros/evidence/c61/integration-results.md,隔離 PG16 strict tests：0 fail/error/skip；fixture UI 與 API/DB 對照一致。既有 44 units / 812 API 是歷史參照，不能硬編碼未來總數或把它們相加。,按修復組 revert；保留 append-only、manifest、accepted/unknown operation 記錄；禁止破壞式降 schema。,53bb6cfb65e83a39e2f489d35f62c5ffc34035bd,artifacts/c61/C61-02-current-full-built.json;artifacts/c61/c61-current-full-built.xml;artifacts/c61/C61-02-cold-jwks-green.json;artifacts/c61/C61-02-preference-tested-source.json;artifacts/c61/C61-02-db.json;artifacts/c61/C61-02-source-bridge.json
C61-03,打通授權員工的工作區入職及恢復,A26-02;Q01;Q02,F01;F03;F04,P1,C61-02,全部列出的依賴已完成相應交付,Backend / Admin / QA,1–2 人日,待開始,U01;U02;U03;U05;U06;U07;U08;S06;U13;NA06;NA07;NA08;NA09;NA10;O26-01;O26-09,,features/live/workspace-picker.tsx;features/live/settings.tsx;services/api/buyeros_api/api/deps.py;services/api/tests/test_membership_directory_db.py;tests/e2e/audit-access-revocation.spec.ts,docs/buyeros/runbooks/staff-onboarding.md;services/api/tools/reconcile_staff_membership.py;services/api/tests/test_staff_onboarding_db.py,有正確帳戶與 membership 的 UI/API 讀回證據；0-membership 仍不能進 workspace，提供雙語重試和聯絡路徑。沒有有效帳戶時只標受阻，不改密碼或提升自己權限。,撤回本批新增 membership 須依正常管理流程並保留 audit；不刪 canonical users 或歷史 actor。,,
C61-04,取得 workspace 500 根因證據,A26-07;Q16,F21,P1,C61-01,全部列出的依賴已完成相應交付,SRE / Backend,1–2 人日,受阻,U16,C61T-15,docs/buyeros/incidents/2026-10-03-workspace-500.md;services/api/buyeros_api/api/errors.py;services/api/buyeros_api/api/deps.py;services/api/buyeros_api/db/session.py,services/api/tests/test_error_diagnostics.py,只有能連接 request → driver/SQLSTATE → 實際故障位置的證據才解除 C61-05 的阻塞；僅加 logging 不算 F21 已修。,關閉新增診斷或 revert logging；保留事故報告。,240c272a15ec01d5615a495d5fb9037e4c041655,artifacts/c61/C61-04-logging-compatibility-red.json;artifacts/c61/C61-04-migration-logging-red.json;artifacts/c61/C61-04-logging-compatibility-green.json;artifacts/c61/C61-04-logging-tested-source.json;artifacts/c61/C61-06-api-regression.json
C61-05,修正已證實的 500 原因,A26-08;Q17,F21,P1,C61-04,全部列出的依賴已完成相應交付,Backend / SRE,根因確認後估算,受阻,U16,,docs/buyeros/incidents/2026-10-03-workspace-500.md,services/api/tests/test_workspace_500_regression.py,根因、失敗重現、修後結果與相同 SHA 清楚連結；歷史無法重現則仍 open，不為關單而捏造原因。,revert 單一修復/相容設定；保留診斷和事件時間線。,,
C61-06,把 workspace discovery 改為有界查詢,A26-04;Q13;N02 dependency,F18,P1,C61-01;C61-02,全部列出的依賴已完成相應交付,Backend / DB,2–4 人日,待開始,P09;P10;O26-12,C61T-01,services/api/buyeros_api/api/routes/workspaces.py;services/api/buyeros_api/api/deps.py;services/api/buyeros_api/db/models.py;services/api/tests/test_workspace_listing_db.py;services/api/tests/benchmark_workspace_directory_case.py;scripts/benchmark-workspace-directory.py,services/api/buyeros_api/services/identity_resolver.py;services/api/buyeros_api/services/workspace_directory.py;docs/buyeros/decisions/2026-10-06-workspace-discovery.md;services/api/tests/test_identity_resolver_db.py,owned PG16 benchmark CLI exit 0 且 SQL gate=true；舊 4/22/202/2002 查詢數只作 baseline。EXPLAIN/query 計數/role/RLS 證據齊備；n=30 p99 只標不穩定。,先停新查詢入口並切回相容 route；保留新增 schema。若舊路徑恢復 O(W)，記效能退化，不放鬆授權。,,
C61-07,完成 N00：Neon 的真實產品登入契約,A26-06;N00,F20,P1,C61-01,全部列出的依賴已完成相應交付,Auth / Frontend,2–4 人日,待驗收,NA01;NA04;NA05;O26-11,,docs/buyeros/decisions/2026-10-03-neon-auth-contract.md;package.json;pnpm-lock.yaml;scripts/neon-real-preflight.mjs;scripts/neon-real-runtime.mjs;tests/e2e/audit-neon-runtime-built.spec.ts;playwright.neon-runtime-built.config.ts,docs/buyeros/decisions/2026-10-06-neon-production-contract.md,fixture 與真實 Neon 分開記錄；真實隔離 branch、built portable 及 Vercel preview 都過產品流程才 N00 完成。--help 只確認 runner 用法，實際 run 用 ADR 中已核對的 flags，不能以 help 成功關單。,維持 Auth0 現有路徑；移除未採用 spike overlay。真實 Neon 測試帳戶只依 owner/nonce 精確清理。,08e086eed98881b35dd6ac46e4d89155a8ad153c,docs/buyeros/decisions/2026-10-06-neon-production-contract.md;docs/buyeros/evidence/c61/neon-contract-review.json;artifacts/c61/C61-07-existing-sdk.log;artifacts/c61/C61-07-existing-sdk.json;artifacts/c61/C61-07-preflight-help.log
C61-08,完成 N01：環境與 auth server 邊界,A26-06;N01,F20,P1,C61-07,全部列出的依賴已完成相應交付,Auth / Platform,1–2 人日,待開始,S04;S05;NA01;NA02;NA03;O26-11,,package.json;pnpm-lock.yaml;services/api/buyeros_api/settings.py;services/live/auth.ts;tests/e2e/audit-neon-compat.spec.ts,lib/auth/neon-server.ts;lib/auth/neon-config.ts;app/api/auth/[...path]/route.ts;tests/neon-production-config.test.mjs,兩類 build 可用且 secret scan 無漏出；環境矩陣無默認 fallback 到 production；新增設定文件不含值。,auth provider gate 回 Auth0；保留 Neon branch，勿使既有使用者無法登入。,,
C61-09,完成 N02：不可變 canonical identity 映射,A26-06;N02,F20,P1,C61-06;C61-07,全部列出的依賴已完成相應交付,Backend / DB,2–4 人日,待開始,U04;U05;U06;U07;U08;S06;NA06;NA07;NA08;NA09;NA24;NA25;NA26;O26-09;O26-10,C61T-02,services/api/buyeros_api/db/models.py;services/api/buyeros_api/api/deps.py;services/api/buyeros_api/api/routes/workspaces.py;services/api/tests/test_auth_routes_db.py,services/api/buyeros_api/services/identity_linking.py;services/api/tools/link_user_identities.py;services/api/tests/test_identity_linking_db.py,映射前後 UUID/FK hash 對照一致；新舊 auth 同人得到同一 canonical id；不同身份不越權；tenant/session pool 重用不殘留上一 actor。,保留 additive mapping；回舊 verifier 仍用原 User 欄位；不能回退成刪 Neon-only users 或清空其 ownership。,,
C61-10,完成 N03：隔離信任設定的 API JWT verifier,A26-06;N03,F20,P1,C61-07;C61-08;C61-09,全部列出的依賴已完成相應交付,Backend / Security,2–3 人日,待開始,S01;NA11;NA12;NA13;NA14;NA15;NA16;NA24;NA25;NA26;O26-11,,services/api/buyeros_api/api/auth.py;services/api/buyeros_api/api/verifier.py;services/api/buyeros_api/api/jwks.py;services/api/buyeros_api/settings.py;services/api/tests/test_auth_cache_lifecycle.py;services/api/tests/test_auth_tenant.py;services/api/tests/test_api_auth.py,services/api/buyeros_api/api/auth_trust.py;services/api/tests/test_neon_verifier.py,雙信任只在具到期時間的遷移設定開啟；驗證錯誤為可預期 401 而非 500；JWT role claim 不授予 workspace role。,回到已驗證 Auth0 trust 設定；不放寬 issuer/algorithm 以救登入。,,
C61-11,完成 N04：Neon session、刷新與跨 tab 登出,A26-06;N04,F20;F01;F08,P1,C61-08;C61-09;C61-10,全部列出的依賴已完成相應交付,Frontend / Auth,2–4 人日,待開始,U01;U02;U03;B05;B06;U13;U14;NA04;NA05;NA10;NA17;NA18;NA19;NA20;NA21;NA22;NA23;O26-01;O26-04;O26-11,C61T-03;C61T-04,services/live/auth.ts;services/live/session.ts;features/providers/workspace-session.tsx;features/live/workspace-picker.tsx;tests/e2e/audit-auth-entry.spec.ts,services/live/neon-auth.ts;tests/neon-session.test.mjs;tests/e2e/neon-session-production.spec.ts,修改該 config 的 testMatch 使新 spec 被 discovery 收錄，並確認 case count>0；built UI email/token/API/reload/logout 完成；Safari 實機與 runner 分开記錄。登出後已發 JWT 剩餘壽命要實測記錄，不能聲稱瞬時全域撤銷。,provider gate 回相容 adapter；清理 client session/暫存，不刪後端 identity mapping。,,
C61-12,完成 N05：身份與租戶負向驗收,A26-06;N05,F20;F01;F04,P1,C61-03;C61-10;C61-11,全部列出的依賴已完成相應交付,QA / Security,1–2 人日,待開始,U04;U05;U06;U07;U08;S01;S04;S05;S06;U14;NA02;NA03;NA10;NA11;NA12;NA13;NA14;NA15;NA16;NA17;NA18;NA19;NA20;NA21;NA22;NA23;NA24;NA25;NA26;NA27;O26-09;O26-11,,services/api/tests/test_auth_tenant.py;services/api/tests/test_auth_routes_db.py;tests/e2e/audit-access-revocation.spec.ts;tests/e2e/audit-memberships.spec.ts,services/api/tests/test_neon_security_db.py;tests/e2e/neon-security-production.spec.ts,API DB 負向零資料外洩；real session 測試可定位 cookie/CSRF 邊界；不以 decoded JWT 或 UI hide 作授權證據。,關閉新增 provider admission；保留負向測試與 evidence。,,
C61-13,完成 N06：身份遷移及回退演練,A26-06;N06,F20,P1,C61-09;C61-12,全部列出的依賴已完成相應交付,Release / DB / QA,1–2 人日,待開始,R02;R03;R04;R06;NA06;NA07;NA08;NA09;NA29;NA30;O26-10,C61T-05,docs/buyeros/decisions/2026-10-03-neon-auth-contract.md;services/api/tests/test_backup_restore_t28.py,docs/buyeros/runbooks/neon-cutover.md;services/api/tests/test_neon_cutover_db.py,演練有時間線、row count/hash、可登入驗證及 rollback artifact；「改回 Auth0」不算 Neon-only 新戶回退方案。 restore/retention rehearsal須用隔離資料驗證，未重放刪除及對帳前不開放readiness。,停止切換，保留支援現有用戶的 auth artifact，按 runbook 回復相容配置。,,
C61-14,完成 N07：有限期雙信任後退役 Auth0,A26-06;N07,F20,P1,C61-13;C61-29,全部列出的依賴已完成相應交付,Release / Auth,1–2 人日及觀察窗,待開始,NA28;NA29;NA30,,services/api/buyeros_api/settings.py;services/api/buyeros_api/api/auth_trust.py;services/live/auth.ts;docs/buyeros/CURRENT_STATUS.md,docs/buyeros/evidence/c61/neon-retirement.md,Neon 真正成為唯一用戶 auth；production readback 與 source/config 對上。此項在 C61-29 後做，不是前端換 logo 即完成。,只在已授權 rollback 窗恢復審核過的有限期 trust；canonical mapping 與歷史資料不刪。,,
C61-15,定義並核實真實供應商接駁契約,A26-05;Q11,F10,P1,C61-01,全部列出的依賴已完成相應交付,Integrations / Product,1–2 人日,待開始,P08;S04;S05,,services/api/buyeros_api/providers/base.py;services/api/buyeros_api/providers/search.py;services/api/buyeros_api/providers/model.py;services/api/buyeros_api/providers/contact.py;services/api/tests/test_provider_contracts.py,docs/buyeros/decisions/2026-10-06-provider-selection.md;services/api/buyeros_api/providers/registry.py;services/api/tests/test_provider_registry.py,每類供應商有可驗證 contract；選型/credential/額度缺失只阻塞相應 live gate，離線 contract/fixture 開發可繼續。禁止以解除 503 當功能完成。,清空本次未核實 provider activation，維持 capability_blocked。,22d6fd9cefe1ac3ea8cbc98bc34dac87072feb86,docs/buyeros/decisions/2026-10-06-provider-selection.md;docs/buyeros/evidence/c61/provider-contract-results.json;artifacts/c61/C61-15-core-gate-red.json;artifacts/c61/C61-15-core-gate-red.log;artifacts/c61/C61-15-core-gate-green.json;artifacts/c61/C61-15-core-gate-green.log;artifacts/c61/C61-15-worker-gate.json;artifacts/c61/C61-15-worker-gate.log;artifacts/c61/c61-core-gate-red.xml;artifacts/c61/c61-core-gate-green.xml;artifacts/c61/c61-provider-worker-gate.xml
C61-16,實作真實搜尋、來源抓取及公司對應,A26-05,F10;F12,P1,C61-15,全部列出的依賴已完成相應交付,Integrations / Backend,3–5 人日,待開始,A01;A03;A04;A05;A06;A08;S02;O26-02;O26-03,C61T-06,services/api/buyeros_api/providers/search.py;services/api/buyeros_api/execution/provider_dispatch.py;services/api/buyeros_api/execution/external_runner.py;services/api/buyeros_api/execution/handlers/capability_blocked.py;services/api/tests/test_provider_contracts.py,services/api/buyeros_api/providers/live_search.py;services/api/tests/test_live_search_adapter.py;services/api/tests/test_live_search_db.py,真實公司和來源持久化且可重開讀回；provider receipt/帳本/觀測成本對得上；無成功 receipt 不假稱研究完成。,關 search capability admission；保留已接受任務及 sources，未知項走 status reconciliation。,,
C61-17,實作真實 model fit、證據驗證及人工審核銜接,A26-05;Q10,F10;F12,P1,C61-15;C61-16,全部列出的依賴已完成相應交付,Backend / AI integrations,3–5 人日,待開始,A01;A03;A04;A05;A06;A08;O26-02;O26-03,C61T-07,services/api/buyeros_api/providers/model.py;services/api/buyeros_api/execution/fit_runner.py;services/api/buyeros_api/execution/fit_execution.py;services/api/buyeros_api/execution/research_graph.py;services/worker/buyeros_worker/fit_runner.py;services/worker/tests/test_research_graph.py,services/api/buyeros_api/providers/live_model.py;services/api/tests/test_live_model_adapter.py;services/worker/tests/test_live_fit_db.py,真實 result→evidence→fit/review 可持久化；三次 provider run 尚須 C61-24 準確度 gate，單元通過不宣稱 factual accuracy。,停 model admission；既有 proposal/assessment 保留，不自動將未驗證結果升級為 Match。,,
C61-18,實作 Contact quote、確認及真實結果,A26-05,F10;F12,P1,C61-15;C61-16,全部列出的依賴已完成相應交付,Integrations / Backend,2–4 人日,待開始,A01;A03;A04;A05;A06;A08;S03;O26-02;O26-03,,services/api/buyeros_api/providers/contact.py;services/api/buyeros_api/execution/handlers/contact_submit.py;services/api/buyeros_api/services/contact_result_service.py;features/live/contact-quote.tsx;services/api/tests/test_contact_confirm_atomicity_db.py;services/worker/tests/test_contact_uncertainty_db.py,services/api/buyeros_api/providers/live_contact.py;services/api/tests/test_live_contact_adapter.py,quote→explicit confirm→single operation→可驗證 contact result；錯公司/禁用 contact 輸出=0（樣本內），未驗證項清楚標示。,關 contact admission；不得釋放 unknown 費用或重複購買。,,
C61-19,接通真正可恢复的 research run,A26-05;Q04;Q11,F10;F08,P1,C61-02;C61-16;C61-17;C61-18,全部列出的依賴已完成相應交付,Backend / Worker / Platform,3–5 人日,待開始,B05;B06;P08;S03;S04;S05;R02;R03;R04;R06;O26-02;O26-04,C61T-08,services/api/buyeros_api/api/routes/runs.py;services/api/buyeros_api/services/run_admission.py;services/api/buyeros_api/execution/provider_dispatch.py;services/api/buyeros_api/execution/external_runner.py;services/api/buyeros_api/execution/handlers/capability_blocked.py;services/worker/tests/test_research_restart_db.py;services/worker/tests/test_t30_broker_research.py,services/worker/tests/test_live_research_journey_db.py,實際 preview 同一 project 完成 Offer/ICP→run→buyers/evidence/fit→contact→人工 review；provider費用/帳本一致，accepted/unknown無盲目重送。,停新 admission、保留 reconciliation；停止舊 epoch，不能以回退應用清除 outbox/holds。,,
C61-20,新增可追蹤站內寄送連接器,A26-12,F10,P1,C61-13;C61-15;C61-18;C61-19,全部列出的依賴已完成相應交付,Integrations / Backend / QA,5–10+ 人日,待開始,P08;S03;S04;S05;R02;R03;R04;R06;O26-07;O26-16,C61T-12;C61T-13,services/api/buyeros_api/api/routes/drafts.py;services/api/buyeros_api/services/draft_service.py;services/api/buyeros_api/api/routes/provider_callbacks.py;services/api/tests/test_provider_callbacks_db.py,services/api/buyeros_api/providers/delivery.py;services/api/buyeros_api/services/delivery_service.py;services/api/buyeros_api/api/routes/delivery_callbacks.py;services/api/tests/test_delivery_db.py;tests/e2e/delivery-sandbox.spec.ts,只向已核准隔離收件人做 sandbox 測試；O26-16 有 receipt/event/readback 證據後才能進 C61-30。C61-20 未交付時 UI 明示「核准匯出／手動結果」，保留 403，不宣稱站內 outreach send 已完成。,关 delivery gate/停止新 admission；已送 email 無法撤回，保留帳本與 webhook reconciliation。,,
C61-21,讓 Overview 今日待辦直接到正確資料,A26-09;Q09;Q14,F14;F17,P2,C61-02;C61-06,全部列出的依賴已完成相應交付,Frontend / Backend,2–3 人日,待開始,U15,C61T-09,features/live/overview.tsx;features/live/operations.tsx;services/live/job-query.ts;services/api/buyeros_api/api/routes/jobs.py;services/api/tests/test_daily_ux_db.py;services/api/tests/test_job_scope_db.py;services/api/buyeros_api/api/routes/drafts.py;services/api/buyeros_api/api/routes/buyers.py,services/api/buyeros_api/services/work_queue.py;services/api/buyeros_api/api/routes/work_queue.py;services/live/work-queue.ts;tests/e2e/work-queue-counts.spec.ts,將新 spec 收入該 config 的 discovery，0 tests 不算通過；6 張卡片在角色/scope/空/錯誤狀態皆準確；新增 operation 類型生成無 drift。,UI gate 回舊導覽但文案要誠實；保留新 API 相容 response，不動業務資料。,,
C61-22,把改稿與來源覆核變成可完成的日常流程,A26-09;Q07;Q12;Q15,F09;F14;F16;F19,P2,C61-02,全部列出的依賴已完成相應交付,Frontend / UX / QA,2–3 人日,待開始,A02;A07;D01;D02;D03;O26-06,C61T-10,features/live/drafts.tsx;features/live/draft-grounding-review.tsx;features/live/draft-dirty-guard.tsx;services/live/draft-grounding.ts;tests/e2e/audit-draft-dirty.spec.ts;tests/e2e/audit-draft-reground.spec.ts,services/live/text-selection-offsets.ts;tests/text-selection-offsets.test.mjs,中英混合/emoji/換行/長稿可完成改稿至下載；grounding 完整覆蓋不等於語義真實，真人覆核仍保留。,revert UI helper，不改 immutable revision/approval/grounding history；不能回退成丟棄未儲存內容。,,
C61-23,改善大批維護、Settings 及可達性,A26-09;Q02;Q05;Q08;Q09,F03;F04;F06;F11;F14,P2,C61-02;C61-03;C61-21;C61-22,全部列出的依賴已完成相應交付,Frontend / UX / QA,2–3 人日,待開始,U05;U06;U07;U08;U10;U11;U12;B01;B02;B03;B04;B07;B08;B09;B10;B11;B14;B15;B16;S06;O26-05;O26-09;O26-13,C61T-11,features/live/bulk-manifest.tsx;features/live/bulk-actions.tsx;features/live/settings.tsx;features/live/operations.tsx;tests/e2e/audit-bulk-manifest.spec.ts;tests/e2e/audit-keyboard-workbench.spec.ts;tests/e2e/audit-daily-journey.spec.ts,docs/buyeros/runbooks/bulk-maintenance.md,五項員工任務均可鍵盤完成且 scope 清楚；實際 screen reader/人員完成率留 C61-27，不能用 axe 或截圖替代。,UI revert 不改 frozen manifest 和審計；保留失敗重試及 server checks。,,
C61-24,驗收真實研究準確度與成本,A26-10;Q10,F12;F10,P1,C61-17;C61-18;C61-19,全部列出的依賴已完成相應交付,QA / Product / Domain reviewers,3–5 人日，標註另計,待開始,A01;A03;A04;A05;A06;A08;S02;O26-03,,services/api/tools/evaluate_research_goldset.py;services/api/tools/quality_metrics.py;services/api/tests/test_quality_tools.py,docs/buyeros/quality/research-gate.md;services/api/tools/capture_research_predictions.py;services/api/tests/test_research_capture.py,offline evaluator 仍 live_verified=false，另以 provider receipt/source review/標註獨立性證據作實際驗收；0 wrong-company/unsupported citation/禁用 contact，三次門檻及成本均符合已記錄值。沒有真人標註時不能宣稱達標。,停測及 admission；保留原報告、holdout、失敗案例，按精確 dataset marker 清理隔離資料。,,
C61-25,驗收效能、輪詢、worker 公平性及容量,A26-10;Q06;Q10;Q13,F07;F12;F18,P1,C61-06;C61-19;C61-21;C61-23,全部列出的依賴已完成相應交付,QA / Backend / SRE,2–4 人日,待開始,B12;B13;P01;P02;P03;P04;P05;P06;P07;P08;P09;P10;O26-12,,scripts/benchmark-workspace-directory.py;scripts/benchmark-buyeros.py;scripts/benchmark-buyer-mutations.py;services/api/tools/quality_metrics.py;services/worker/tests/benchmark_dispatcher_case.py;tests/job-poller-checks.mjs,docs/buyeros/performance/c61-budget.md;scripts/c61-performance-harness.py,每項 gate 有 raw samples/樣本數/環境/SQL/成本/錯誤分母；不把 local API benchmark 說成 HK production 使用體驗。超標指出具體改善與重測，不用增加 timeout 隱藏。,停止隔離負載；回退造成退化的 query/index/config 變更（schema保留相容）；不提高正式配額。,,
C61-26,八模組同一資料鏈端到端驗收,A26-11;Q11,F01;F10;F12;F14;F20;F22,P1,C61-03;C61-12;C61-19;C61-21;C61-22;C61-23;C61-24;C61-25,全部列出的依賴已完成相應交付,QA / Staff owner,2–3 人日,待開始,U01;U09;B01;B02;B03;B04;B07;B08;B09;B16;D01;D02;D03;WF01;WF02;WF03;NA04;NA05;NA27;O26-01;O26-02;O26-06;O26-07;O26-08;O26-14,,tests/e2e/fixtures/staff-journey.ts;tests/e2e/audit-daily-journey.spec.ts;tests/e2e/audit-research-intent.spec.ts;tests/e2e/audit-draft-reground.spec.ts,playwright.c61-acceptance.config.ts;tests/e2e/c61-eight-module.spec.ts;docs/buyeros/evidence/c61/journey-ledger.json,八模組至少各一段可追查證據且整鏈成功；required cases count>0、零 fail/error/skip，環境缺失標 blocked。live唯讀smoke不等於此驗收。,停止新測試任務；保留已受理/unknown任務與審計，cleanup 僅本次 marker，禁止粗略刪整個 workspace。,,
C61-27,用真實員工驗收可用性與輔助工具,A26-09;A26-11;Q09,F14,P2,C61-26,全部列出的依賴已完成相應交付,Product / UX / 3–5 staff,1–2 人日及排期,待開始,U10;U11;U12;O26-13,,docs/buyeros/CURRENT_STATUS.md,docs/buyeros/uat/c61-staff-protocol.md;docs/buyeros/uat/c61-staff-results.csv,真人簽核不由 Codex 模擬；缺人或screen reader未測保持 blocked，不能套用 fixture結果填pass。,UI revert 限于造成阻礙的變更；保留觀察紀錄。,,
C61-28,把同版本驗收變成 CI 和維護門檻,A26-13;Q11,F13;F22,P1,C61-02;C61-05;C61-06;C61-13;C61-24;C61-25;C61-26;C61-27,C61-05: 已驗證根因修復；或release owner明確記錄未解風險接受，F21與C61-05仍open；其餘依賴不可豁免,Release / QA / SRE,1–2 人日,待開始,R01;R02;R03;R04;R05;R06;O26-15,C61T-14,.github/workflows/buyeros-ci.yml;scripts/check-required-tests.py;scripts/generate-api-types.mjs;scripts/generate-operation-routes.py;TASKS.json;docs/buyeros/CURRENT_STATUS.md,docs/buyeros/release/c61-go-no-go.md;scripts/check-c61-evidence.py;tests/test_c61_evidence.py,全量 API/worker strict PG16及CI原有job依原工作流程成功，新tests被收錄；812歷史數字不是最低/固定值，但測試減少須解釋。每個open finding 明確列出，無修復完成=上線的混淆。,保留PR/CI evidence；不以停用tests或改門檻解除block。,,
C61-29,發布研究與核准匯出版本並讀回驗證,A26-13;Q11,F13;F20;F22,P1,C61-28,全部列出的依賴已完成相應交付,Release / SRE,1–2 人日及觀察窗,待開始,U01;R01;R02;R03;R04;R05;R06;NA30;O26-01;O26-15,,docs/buyeros/CURRENT_STATUS.md;TASKS.json;docs/buyeros/runbooks/worker-runtime.md,docs/buyeros/release/c61-production-readback.json,合併到 main 及 production alias 的實際SHA一致性可查，不能用PRmerge代替；登入/八模組readback/告警可用。真實付費/外寄驗收不由唯讀smoke自動執行。,關新admission，切回已演練相容artifact與selector；fence舊epoch，保持accepted/unknown對帳；不downgrade刪migration資料。,,
C61-30,獨立啟用站內寄送並完成全外展驗收,A26-12;A26-13,F10;F22,P1,C61-14;C61-20;C61-29,全部列出的依賴已完成相應交付,Release / Integrations / QA,1–2 人日及觀察窗,待開始,WF03;O26-07;O26-14;O26-16,C61T-16,features/live/drafts.tsx;features/live/operations.tsx;docs/buyeros/CURRENT_STATUS.md;tests/e2e/delivery-sandbox.spec.ts,docs/buyeros/release/c61-delivery-go-no-go.md,新send spec 明確加入discovery；完整「站內寄送」完成只在此gate通過後宣稱。未做此階段，狀態永遠是research+export可用／native send未交付。,關send admission，繼續callback/status reconciliation；已寄不可撤回，也不可rollback成重新寄送。,,
