participant,task,observed,baseline_seconds,after_seconds,baseline_mistakes,after_mistakes,completed,wrong_scope_attempts,wrong_scope_commits,assistance,note
pending-1,1,not observed,,,,,,,,,Await actual consenting staff; not automated fixture metrics
pending-1,2,not observed,,,,,,,,,Await actual consenting staff; not automated fixture metrics
pending-1,3,not observed,,,,,,,,,Await actual consenting staff; not automated fixture metrics
pending-1,4,not observed,,,,,,,,,Await actual consenting staff; not automated fixture metrics
pending-1,5,not observed,,,,,,,,,Await actual consenting staff; not automated fixture metrics
pending-2,1,not observed,,,,,,,,,Await actual consenting staff; not automated fixture metrics
pending-2,2,not observed,,,,,,,,,Await actual consenting staff; not automated fixture metrics
pending-2,3,not observed,,,,,,,,,Await actual consenting staff; not automated fixture metrics
pending-2,4,not observed,,,,,,,,,Await actual consenting staff; not automated fixture metrics
pending-2,5,not observed,,,,,,,,,Await actual consenting staff; not automated fixture metrics
pending-3,1,not observed,,,,,,,,,Await actual consenting staff; not automated fixture metrics
pending-3,2,not observed,,,,,,,,,Await actual consenting staff; not automated fixture metrics
pending-3,3,not observed,,,,,,,,,Await actual consenting staff; not automated fixture metrics
pending-3,4,not observed,,,,,,,,,Await actual consenting staff; not automated fixture metrics
pending-3,5,not observed,,,,,,,,,Await actual consenting staff; not automated fixture metrics
pending-4,1,not observed,,,,,,,,,Await actual consenting staff; not automated fixture metrics
pending-4,2,not observed,,,,,,,,,Await actual consenting staff; not automated fixture metrics
pending-4,3,not observed,,,,,,,,,Await actual consenting staff; not automated fixture metrics
pending-4,4,not observed,,,,,,,,,Await actual consenting staff; not automated fixture metrics
pending-4,5,not observed,,,,,,,,,Await actual consenting staff; not automated fixture metrics
pending-5,1,not observed,,,,,,,,,Await actual consenting staff; not automated fixture metrics
pending-5,2,not observed,,,,,,,,,Await actual consenting staff; not automated fixture metrics
pending-5,3,not observed,,,,,,,,,Await actual consenting staff; not automated fixture metrics
pending-5,4,not observed,,,,,,,,,Await actual consenting staff; not automated fixture metrics
pending-5,5,not observed,,,,,,,,,Await actual consenting staff; not automated fixture metrics
